Palabra,FrecPos,FrecNeg,LogPos,LogNeg
ive,14,9,-5.003498778526936,-5.415211118019536
also,10,10,-5.313653706830776,-5.319900938215211
had,19,24,-4.715816706075155,-4.498920386145381
problems,6,4,-5.765638830573833,-6.108358298579481
with,61,44,-3.5844145945840546,-3.911133721243262
the,207,253,-2.374010899927828,-2.180461943995045
phone,71,70,-3.4348828606130906,-3.455116333972266
reading,1,1,-7.018401799069201,-7.024649030453636
memory,0,1,-7.711548979629146,-7.024649030453636
card,0,1,-7.711548979629146,-7.024649030453636
in,29,50,-4.31035159796699,-3.785970578289256
which,5,8,-5.919789510401091,-5.5205716336773625
i,139,144,-2.7699065570198416,-2.7410624685930074
always,1,3,-7.018401799069201,-6.331501849893691
turn,1,4,-7.018401799069201,-6.108358298579481
it,110,141,-3.002018778316812,-2.7619691534123207
on,41,42,-3.973879361345778,-3.956596095320019
and,167,114,-2.587585000225887,-2.9728640826503314
then,2,14,-6.612936690961036,-5.009746009911372
off,2,10,-6.612936690961036,-5.319900938215211
again,6,5,-5.765638830573833,-5.926036741785527
linked,1,0,-7.018401799069201,-7.717796211013582
to,76,102,-3.367743557775462,-3.083067222783946
my,62,67,-3.5684142532376133,-3.498288505837475
without,5,1,-5.919789510401091,-7.024649030453636
effort,1,0,-7.018401799069201,-7.717796211013582
got,6,3,-5.765638830573833,-6.331501849893691
this,89,90,-3.211739309298881,-3.2069367044967314
reccomendation,1,0,-7.018401799069201,-7.717796211013582
from,14,16,-5.003498778526936,-4.884582866957365
a,85,104,-3.257201683375638,-3.063835860856058
relative,1,0,-7.018401799069201,-7.717796211013582
im,11,9,-5.2266423298411455,-5.415211118019536
glad,3,0,-6.3252546185092555,-7.717796211013582
did,5,8,-5.919789510401091,-5.5205716336773625
lately,1,0,-7.018401799069201,-7.717796211013582
they,8,8,-5.514324402292926,-5.5205716336773625
have,33,31,-4.185188455012985,-4.2520603082138555
been,10,3,-5.313653706830776,-6.331501849893691
extremely,1,2,-7.018401799069201,-6.619183922345472
nice,21,0,-4.62050652627083,-7.717796211013582
helpful,2,2,-6.612936690961036,-6.619183922345472
great,84,5,-3.2688977231388296,-5.926036741785527
case,15,10,-4.938960257389365,-5.319900938215211
price,22,2,-4.576054763699997,-6.619183922345472
now,6,9,-5.765638830573833,-5.415211118019536
know,2,3,-6.612936690961036,-6.331501849893691
that,28,44,-4.344253149642672,-3.911133721243262
made,5,6,-5.919789510401091,-5.771886061958268
wise,1,0,-7.018401799069201,-7.717796211013582
decision,2,1,-6.612936690961036,-7.024649030453636
thank,1,1,-7.018401799069201,-7.024649030453636
you,18,43,-4.767110000462706,-3.9336065770953206
for,57,47,-3.6511059690827268,-3.846595200105691
such,1,2,-7.018401799069201,-6.619183922345472
service,8,14,-5.514324402292926,-5.009746009911372
noise,3,0,-6.3252546185092555,-7.717796211013582
shield,1,0,-7.018401799069201,-7.717796211013582
is,122,90,-2.8993646242567284,-3.2069367044967314
incrediable,1,0,-7.018401799069201,-7.717796211013582
unusable,0,2,-7.711548979629146,-6.619183922345472
moving,0,1,-7.711548979629146,-7.024649030453636
car,11,6,-5.2266423298411455,-5.771886061958268
at,8,14,-5.514324402292926,-5.009746009911372
freeway,0,1,-7.711548979629146,-7.024649030453636
speed,0,1,-7.711548979629146,-7.024649030453636
unfortunately,0,4,-7.711548979629146,-6.108358298579481
not,13,89,-5.0724916500138875,-3.2179865406833166
work,7,20,-5.63210743794931,-4.673273773290159
treo,2,2,-6.612936690961036,-6.619183922345472
tmobile,2,2,-6.612936690961036,-6.619183922345472
refused,0,1,-7.711548979629146,-7.024649030453636
replace,2,2,-6.612936690961036,-6.619183922345472
forced,0,2,-7.711548979629146,-6.619183922345472
me,7,19,-5.63210743794931,-4.72206393745959
buy,4,14,-6.102111067195046,-5.009746009911372
another,2,2,-6.612936690961036,-6.619183922345472
any,15,5,-4.938960257389365,-5.926036741785527
kind,1,4,-7.018401799069201,-6.108358298579481
of,45,65,-3.882907583140051,-3.528141468987156
upgrade,0,1,-7.711548979629146,-7.024649030453636
discount,0,1,-7.711548979629146,-7.024649030453636
talk,1,7,-7.018401799069201,-5.638354669333745
about,6,10,-5.765638830573833,-5.319900938215211
useless,0,6,-7.711548979629146,-5.771886061958268
customer,1,8,-7.018401799069201,-5.5205716336773625
ring,1,1,-7.018401799069201,-7.024649030453636
toneoverall,1,0,-7.018401799069201,-7.717796211013582
good,56,11,-3.6684977117945956,-5.232889561225582
happy,13,1,-5.0724916500138875,-7.024649030453636
so,22,16,-4.576054763699997,-4.884582866957365
far,9,2,-5.4089638866351,-6.619183922345472
especially,4,1,-6.102111067195046,-7.024649030453636
love,18,0,-4.767110000462706,-7.717796211013582
long,5,5,-5.919789510401091,-5.926036741785527
battery,20,23,-4.667026541905723,-4.539742380665636
life,5,5,-5.919789510401091,-5.926036741785527
as,17,25,-4.821177221732981,-4.4596996729921
many,3,2,-6.3252546185092555,-6.619183922345472
people,6,4,-5.765638830573833,-6.108358298579481
complained,0,1,-7.711548979629146,-7.024649030453636
found,5,2,-5.919789510401091,-6.619183922345472
headsets,3,4,-6.3252546185092555,-6.108358298579481
microphone,1,2,-7.018401799069201,-6.619183922345472
was,32,49,-4.215041418162666,-3.8057732055854356
very,60,30,-3.600675115455835,-4.283809006528435
weak,0,4,-7.711548979629146,-6.108358298579481
highly,8,1,-5.514324402292926,-7.024649030453636
recommend,18,5,-4.767110000462706,-5.926036741785527
device,9,2,-5.4089638866351,-6.619183922345472
everyone,2,1,-6.612936690961036,-7.024649030453636
would,16,15,-4.87833563557293,-4.945207488773801
thing,3,9,-6.3252546185092555,-5.415211118019536
none,0,5,-7.711548979629146,-5.926036741785527
new,12,7,-5.146599622167609,-5.638354669333745
ones,0,1,-7.711548979629146,-7.024649030453636
ever,6,11,-5.765638830573833,-5.232889561225582
quite,3,3,-6.3252546185092555,-6.331501849893691
worked,8,10,-5.514324402292926,-5.319900938215211
properly,0,1,-7.711548979629146,-7.024649030453636
but,20,21,-4.667026541905723,-4.6267537576552655
really,15,8,-4.938960257389365,-5.5205716336773625
replacement,1,2,-7.018401799069201,-6.619183922345472
died,0,2,-7.711548979629146,-6.619183922345472
few,4,7,-6.102111067195046,-5.638354669333745
weeks,2,3,-6.612936690961036,-6.331501849893691
loudglad,1,0,-7.018401799069201,-7.717796211013582
say,4,2,-6.102111067195046,-6.619183922345472
plantronics,2,1,-6.612936690961036,-7.024649030453636
510,2,1,-6.612936690961036,-7.024649030453636
maintains,1,0,-7.018401799069201,-7.717796211013582
flawless,1,0,-7.018401799069201,-7.717796211013582
connection,1,3,-7.018401799069201,-6.331501849893691
cell,9,1,-5.4089638866351,-7.024649030453636
no,12,14,-5.146599622167609,-5.009746009911372
static,1,2,-7.018401799069201,-6.619183922345472
during,1,1,-7.018401799069201,-7.024649030453636
normal,1,1,-7.018401799069201,-7.024649030453636
use,17,20,-4.821177221732981,-4.673273773290159
hoping,0,2,-7.711548979629146,-6.619183922345472
more,8,9,-5.514324402292926,-5.415211118019536
amazed,2,0,-6.612936690961036,-7.717796211013582
quick,2,0,-6.612936690961036,-7.717796211013582
arrival,1,0,-7.018401799069201,-7.717796211013582
two,6,8,-5.765638830573833,-5.5205716336773625
original,4,1,-6.102111067195046,-7.024649030453636
lg,2,2,-6.612936690961036,-6.619183922345472
batteries,2,0,-6.612936690961036,-7.717796211013582
fraction,1,0,-7.018401799069201,-7.717796211013582
never,2,6,-6.612936690961036,-5.771886061958268
bought,8,8,-5.514324402292926,-5.5205716336773625
startac,0,1,-7.711548979629146,-7.024649030453636
regretted,0,1,-7.711548979629146,-7.024649030453636
since,3,4,-6.3252546185092555,-6.108358298579481
dont,5,26,-5.919789510401091,-4.4219593450092525
waste,0,13,-7.711548979629146,-5.078738881398323
your,11,17,-5.2266423298411455,-4.827424453117417
money,1,17,-7.018401799069201,-4.827424453117417
update,0,1,-7.711548979629146,-7.024649030453636
procedure,0,1,-7.711548979629146,-7.024649030453636
difficult,0,6,-7.711548979629146,-5.771886061958268
cumbersome,0,1,-7.711548979629146,-7.024649030453636
fixes,1,0,-7.018401799069201,-7.717796211013582
all,19,20,-4.715816706075155,-4.673273773290159
jiggle,0,1,-7.711548979629146,-7.024649030453636
plug,2,7,-6.612936690961036,-5.638354669333745
get,8,14,-5.514324402292926,-5.009746009911372
line,1,2,-7.018401799069201,-6.619183922345472
up,9,13,-5.4089638866351,-5.078738881398323
right,5,7,-5.919789510401091,-5.638354669333745
decent,3,1,-6.3252546185092555,-7.024649030453636
volume,4,7,-6.102111067195046,-5.638354669333745
much,7,5,-5.63210743794931,-5.926036741785527
less,3,3,-6.3252546185092555,-6.331501849893691
than,18,7,-4.767110000462706,-5.638354669333745
jawbone,3,0,-6.3252546185092555,-7.717796211013582
going,2,2,-6.612936690961036,-6.619183922345472
give,1,2,-7.018401799069201,-6.619183922345472
wirefly,0,1,-7.711548979629146,-7.024649030453636
1,0,4,-7.711548979629146,-6.108358298579481
stari,0,1,-7.711548979629146,-7.024649030453636
will,2,12,-6.612936690961036,-5.152846853552045
contact,0,1,-7.711548979629146,-7.024649030453636
cingularatt,0,1,-7.711548979629146,-7.024649030453636
inform,0,1,-7.711548979629146,-7.024649030453636
them,5,6,-5.919789510401091,-5.771886061958268
practice,0,1,-7.711548979629146,-7.024649030453636
software,2,4,-6.612936690961036,-6.108358298579481
motorolas,1,1,-7.018401799069201,-7.024649030453636
works,41,1,-3.973879361345778,-7.024649030453636
cant,1,5,-7.018401799069201,-5.926036741785527
computer,1,2,-7.018401799069201,-6.619183922345472
well,24,5,-4.492673154760945,-5.926036741785527
deal,3,1,-6.3252546185092555,-7.024649030453636
reception,8,6,-5.514324402292926,-5.771886061958268
terrible,0,10,-7.711548979629146,-5.319900938215211
full,1,1,-7.018401799069201,-7.024649030453636
delivery,1,0,-7.018401799069201,-7.717796211013582
time,11,16,-5.2266423298411455,-4.884582866957365
excellent,22,1,-4.576054763699997,-7.024649030453636
hands,4,1,-6.102111067195046,-7.024649030453636
free,3,0,-6.3252546185092555,-7.717796211013582
tool,3,1,-6.3252546185092555,-7.024649030453636
however,1,7,-7.018401799069201,-5.638354669333745
ear,12,18,-5.146599622167609,-4.773357231847141
pads,0,1,-7.711548979629146,-7.024649030453636
come,0,2,-7.711548979629146,-6.619183922345472
easily,0,5,-7.711548979629146,-5.926036741785527
after,6,19,-5.765638830573833,-4.72206393745959
only,3,17,-6.3252546185092555,-4.827424453117417
one,19,17,-4.715816706075155,-4.827424453117417
week,0,4,-7.711548979629146,-6.108358298579481
lost,0,2,-7.711548979629146,-6.619183922345472
lasting,0,1,-7.711548979629146,-7.024649030453636
recharge,0,2,-7.711548979629146,-6.619183922345472
frequentyly,0,1,-7.711548979629146,-7.024649030453636
some,2,5,-6.612936690961036,-5.926036741785527
flip,1,2,-7.018401799069201,-6.619183922345472
phones2,0,1,-7.711548979629146,-7.024649030453636
quality,27,16,-4.379344469453942,-4.884582866957365
disapointing,0,1,-7.711548979629146,-7.024649030453636
results,1,2,-7.018401799069201,-6.619183922345472
cable,2,3,-6.612936690961036,-6.331501849893691
allows,1,1,-7.018401799069201,-7.024649030453636
connect,1,0,-7.018401799069201,-7.717796211013582
miniusb,1,0,-7.018401799069201,-7.717796211013582
pc,3,0,-6.3252546185092555,-7.717796211013582
item,9,7,-5.4089638866351,-5.638354669333745
eargels,1,0,-7.018401799069201,-7.717796211013582
channel,1,0,-7.018401799069201,-7.717796211013582
sound,24,13,-4.492673154760945,-5.078738881398323
directly,1,0,-7.018401799069201,-7.717796211013582
into,3,5,-6.3252546185092555,-5.926036741785527
seem,1,1,-7.018401799069201,-7.024649030453636
increase,1,0,-7.018401799069201,-7.717796211013582
clarity,4,1,-6.102111067195046,-7.024649030453636
different,1,3,-7.018401799069201,-6.331501849893691
portable,1,0,-7.018401799069201,-7.717796211013582
comfortable,12,3,-5.146599622167609,-6.331501849893691
wear,6,1,-5.765638830573833,-7.024649030453636
probably,2,1,-6.612936690961036,-7.024649030453636
most,4,3,-6.102111067195046,-6.331501849893691
important,2,3,-6.612936690961036,-6.331501849893691
aspect,1,0,-7.018401799069201,-7.717796211013582
using,6,5,-5.765638830573833,-5.926036741785527
am,11,6,-5.2266423298411455,-5.771886061958268
product,29,18,-4.31035159796699,-4.773357231847141
by,1,7,-7.018401799069201,-5.638354669333745
worst,0,13,-7.711548979629146,-5.078738881398323
purchase,7,6,-5.63210743794931,-5.771886061958268
amazon,5,4,-5.919789510401091,-6.108358298579481
disappointing,0,3,-7.711548979629146,-6.331501849893691
accessory,0,1,-7.711548979629146,-7.024649030453636
manufacturer,0,1,-7.711548979629146,-7.024649030453636
does,6,17,-5.765638830573833,-4.827424453117417
match,0,3,-7.711548979629146,-6.331501849893691
picture,1,4,-7.018401799069201,-6.108358298579481
beat,1,0,-7.018401799069201,-7.717796211013582
these,12,7,-5.146599622167609,-5.638354669333745
could,2,12,-6.612936690961036,-5.152846853552045
make,3,8,-6.3252546185092555,-5.5205716336773625
bluetooth,9,5,-5.4089638866351,-5.926036741785527
headset,27,15,-4.379344469453942,-4.945207488773801
fit,5,6,-5.919789510401091,-5.771886061958268
better,10,7,-5.313653706830776,-5.638354669333745
things,1,1,-7.018401799069201,-7.024649030453636
impossible,0,1,-7.711548979629146,-7.024649030453636
if,5,21,-5.919789510401091,-4.6267537576552655
hate,0,4,-7.711548979629146,-6.108358298579481
earbugs,0,1,-7.711548979629146,-7.024649030453636
avoid,1,2,-7.018401799069201,-6.619183922345472
means,0,1,-7.711548979629146,-7.024649030453636
gets,4,2,-6.102111067195046,-6.619183922345472
hot,0,1,-7.711548979629146,-7.024649030453636
doesnt,2,12,-6.612936690961036,-5.152846853552045
hold,1,3,-7.018401799069201,-6.331501849893691
charge,3,10,-6.3252546185092555,-5.319900938215211
fine,9,1,-5.4089638866351,-7.024649030453636
680,1,0,-7.018401799069201,-7.717796211013582
infuriating,0,1,-7.711548979629146,-7.024649030453636
holds,3,1,-6.3252546185092555,-7.024649030453636
like,17,12,-4.821177221732981,-5.152846853552045
when,7,11,-5.63210743794931,-5.232889561225582
there,5,9,-5.919789510401091,-5.415211118019536
speakerphone,0,1,-7.711548979629146,-7.024649030453636
installed,1,0,-7.018401799069201,-7.717796211013582
let,1,1,-7.018401799069201,-7.024649030453636
charged,1,1,-7.018401799069201,-7.024649030453636
overnite,1,0,-7.018401799069201,-7.717796211013582
has,20,9,-4.667026541905723,-5.415211118019536
working,7,2,-5.63210743794931,-6.619183922345472
every,3,3,-6.3252546185092555,-6.331501849893691
pleased,5,0,-5.919789510401091,-7.717796211013582
bad,0,12,-7.711548979629146,-5.152846853552045
before,2,3,-6.612936690961036,-6.331501849893691
gave,1,0,-7.018401799069201,-7.717796211013582
5,1,6,-7.018401799069201,-5.771886061958268
stars,1,1,-7.018401799069201,-7.024649030453636
because,8,8,-5.514324402292926,-5.5205716336773625
piece,2,11,-6.612936690961036,-5.232889561225582
trash,0,1,-7.711548979629146,-7.024649030453636
setup,2,0,-6.612936690961036,-7.717796211013582
went,1,5,-7.018401799069201,-5.926036741785527
smoothly,1,0,-7.018401799069201,-7.717796211013582
everyday,1,0,-7.018401799069201,-7.717796211013582
disappointed,0,10,-7.711548979629146,-5.319900938215211
charger,6,8,-5.765638830573833,-5.5205716336773625
three,2,3,-6.612936690961036,-6.331501849893691
sizes,1,1,-7.018401799069201,-7.024649030453636
sent,0,1,-7.711548979629146,-7.024649030453636
stay,0,5,-7.711548979629146,-5.926036741785527
ears,3,2,-6.3252546185092555,-6.619183922345472
krussel,1,0,-7.018401799069201,-7.717796211013582
cingular,0,2,-7.711548979629146,-6.619183922345472
att,0,2,-7.711548979629146,-6.619183922345472
8525,0,1,-7.711548979629146,-7.024649030453636
too,8,12,-5.514324402292926,-5.152846853552045
favorite,1,0,-7.018401799069201,-7.717796211013582
purchases,1,0,-7.018401799069201,-7.717796211013582
worth,2,2,-6.612936690961036,-6.619183922345472
take,2,5,-6.612936690961036,-5.926036741785527
drops,1,2,-7.018401799069201,-6.619183922345472
bar,1,1,-7.018401799069201,-7.024649030453636
starts,0,2,-7.711548979629146,-6.619183922345472
beeping,0,1,-7.711548979629146,-7.024649030453636
letting,0,1,-7.711548979629146,-7.024649030453636
its,22,17,-4.576054763699997,-4.827424453117417
dieing,0,1,-7.711548979629146,-7.024649030453636
nearly,1,1,-7.018401799069201,-7.024649030453636
2,8,11,-5.514324402292926,-5.232889561225582
years,6,1,-5.765638830573833,-7.024649030453636
must,2,1,-6.612936690961036,-7.024649030453636
study,0,1,-7.711548979629146,-7.024649030453636
anyone,1,4,-7.018401799069201,-6.108358298579481
interested,0,1,-7.711548979629146,-7.024649030453636
sins,0,1,-7.711548979629146,-7.024649030453636
industrial,0,1,-7.711548979629146,-7.024649030453636
design,3,7,-6.3252546185092555,-5.638354669333745
soyo,0,1,-7.711548979629146,-7.024649030453636
technology,1,1,-7.018401799069201,-7.024649030453636
sucks,0,4,-7.711548979629146,-6.108358298579481
motorola,6,4,-5.765638830573833,-6.108358298579481
finally,2,1,-6.612936690961036,-7.024649030453636
voice,4,2,-6.102111067195046,-6.619183922345472
perfectly,6,0,-5.765638830573833,-7.717796211013582
think,3,6,-6.3252546185092555,-5.771886061958268
over,3,5,-6.3252546185092555,-5.926036741785527
plan,1,2,-7.018401799069201,-6.619183922345472
own,2,1,-6.612936690961036,-7.024649030453636
onethis,0,1,-7.711548979629146,-7.024649030453636
sure,2,1,-6.612936690961036,-7.024649030453636
last,1,6,-7.018401799069201,-5.771886061958268
moto,1,1,-7.018401799069201,-7.024649030453636
away,1,3,-7.018401799069201,-6.331501849893691
q,1,2,-7.018401799069201,-6.619183922345472
simple,4,2,-6.102111067195046,-6.619183922345472
lightweight,3,1,-6.3252546185092555,-7.024649030453636
seems,3,0,-6.3252546185092555,-7.717796211013582
completely,1,6,-7.018401799069201,-5.771886061958268
secure,2,0,-6.612936690961036,-7.717796211013582
both,5,1,-5.919789510401091,-7.024649030453636
holding,2,0,-6.612936690961036,-7.717796211013582
belt,2,2,-6.612936690961036,-6.619183922345472
keeping,1,0,-7.018401799069201,-7.717796211013582
iphone,2,1,-6.612936690961036,-7.024649030453636
inside,2,0,-6.612936690961036,-7.717796211013582
pda,2,0,-6.612936690961036,-7.717796211013582
rocks,3,0,-6.3252546185092555,-7.717796211013582
350,1,0,-7.018401799069201,-7.717796211013582
jabra350,1,0,-7.018401799069201,-7.717796211013582
just,11,9,-5.2266423298411455,-5.415211118019536
do,2,14,-6.612936690961036,-5.009746009911372
d807wrongly,0,1,-7.711548979629146,-7.024649030453636
advertised,1,1,-7.018401799069201,-7.024649030453636
d807,0,1,-7.711548979629146,-7.024649030453636
see,1,0,-7.018401799069201,-7.717796211013582
travled,1,0,-7.018401799069201,-7.717796211013582
swivel,1,0,-7.018401799069201,-7.717796211013582
holster,1,2,-7.018401799069201,-6.619183922345472
blackberry,2,0,-6.612936690961036,-7.717796211013582
thorn,0,1,-7.711548979629146,-7.024649030453636
side,1,3,-7.018401799069201,-6.331501849893691
abhor,0,1,-7.711548979629146,-7.024649030453636
we,2,5,-6.612936690961036,-5.926036741785527
others,4,1,-6.102111067195046,-7.024649030453636
can,7,8,-5.63210743794931,-5.5205716336773625
barely,1,1,-7.018401799069201,-7.024649030453636
hear,2,8,-6.612936690961036,-5.5205716336773625
constantly,0,1,-7.711548979629146,-7.024649030453636
saying,0,1,-7.711548979629146,-7.024649030453636
what,3,11,-6.3252546185092555,-5.232889561225582
overall,2,0,-6.612936690961036,-7.717796211013582
walkman,1,0,-7.018401799069201,-7.717796211013582
buyers,0,1,-7.711548979629146,-7.024649030453636
remorse,0,1,-7.711548979629146,-7.024649030453636
buttons,2,5,-6.612936690961036,-5.926036741785527
are,19,16,-4.715816706075155,-4.884582866957365
small,3,3,-6.3252546185092555,-6.331501849893691
id,1,3,-7.018401799069201,-6.331501849893691
return,0,4,-7.711548979629146,-6.108358298579481
be,10,14,-5.313653706830776,-5.009746009911372
waaay,0,1,-7.711548979629146,-7.024649030453636
big,1,5,-7.018401799069201,-5.926036741785527
transmit,1,0,-7.018401799069201,-7.717796211013582
audio,3,4,-6.3252546185092555,-6.108358298579481
definitely,5,0,-5.919789510401091,-7.717796211013582
bargain,3,1,-6.3252546185092555,-7.024649030453636
camera,6,3,-5.765638830573833,-6.331501849893691
although,0,2,-7.711548979629146,-6.619183922345472
rated,0,1,-7.711548979629146,-7.024649030453636
an,9,9,-5.4089638866351,-5.415211118019536
impressive,1,1,-7.018401799069201,-7.024649030453636
13,0,2,-7.711548979629146,-6.619183922345472
megapixels,0,1,-7.711548979629146,-7.024649030453636
renders,0,1,-7.711548979629146,-7.024649030453636
images,0,1,-7.711548979629146,-7.024649030453636
fall,2,1,-6.612936690961036,-7.024649030453636
below,1,1,-7.018401799069201,-7.024649030453636
expectations,0,1,-7.711548979629146,-7.024649030453636
relatively,0,1,-7.711548979629146,-7.024649030453636
high,3,2,-6.3252546185092555,-6.619183922345472
resolution,0,1,-7.711548979629146,-7.024649030453636
look,4,4,-6.102111067195046,-6.108358298579481
feel,2,1,-6.612936690961036,-7.024649030453636
samsung,4,1,-6.102111067195046,-7.024649030453636
flipphones,1,0,-7.018401799069201,-7.717796211013582
first,1,12,-7.018401799069201,-5.152846853552045
cheaply,0,1,-7.711548979629146,-7.024649030453636
recognition,1,0,-7.018401799069201,-7.717796211013582
tremendous,2,0,-6.612936690961036,-7.717796211013582
while,3,8,-6.3252546185092555,-5.5205716336773625
managed,0,1,-7.711548979629146,-7.024649030453636
bend,0,1,-7.711548979629146,-7.024649030453636
leaf,0,1,-7.711548979629146,-7.024649030453636
spring,0,2,-7.711548979629146,-6.619183922345472
back,1,7,-7.018401799069201,-5.638354669333745
place,1,3,-7.018401799069201,-6.331501849893691
metal,0,1,-7.711548979629146,-7.024649030453636
enough,2,10,-6.612936690961036,-5.319900938215211
stress,0,1,-7.711548979629146,-7.024649030453636
break,0,3,-7.711548979629146,-6.331501849893691
next,1,1,-7.018401799069201,-7.024649030453636
drop,0,3,-7.711548979629146,-6.331501849893691
makes,4,6,-6.102111067195046,-5.771886061958268
easier,2,1,-6.612936690961036,-7.024649030453636
superb,2,0,-6.612936690961036,-7.717796211013582
network,1,2,-7.018401799069201,-6.619183922345472
exactly,1,0,-7.018401799069201,-7.717796211013582
wanted,2,2,-6.612936690961036,-6.619183922345472
even,8,5,-5.514324402292926,-5.926036741785527
fully,0,1,-7.711548979629146,-7.024649030453636
bed,0,1,-7.711548979629146,-7.024649030453636
turned,0,3,-7.711548979629146,-6.331501849893691
blue,3,1,-6.3252546185092555,-7.024649030453636
tooth,1,1,-7.018401799069201,-7.024649030453636
wifi,0,1,-7.711548979629146,-7.024649030453636
noticed,0,1,-7.711548979629146,-7.024649030453636
20,1,1,-7.018401799069201,-7.024649030453636
left,0,3,-7.711548979629146,-6.331501849893691
morning,0,1,-7.711548979629146,-7.024649030453636
given,1,2,-7.018401799069201,-6.619183922345472
star,0,1,-7.711548979629146,-7.024649030453636
able,3,1,-6.3252546185092555,-7.024649030453636
verizon,4,3,-6.102111067195046,-6.331501849893691
ago,2,1,-6.612936690961036,-7.024649030453636
liked,1,0,-7.018401799069201,-7.717796211013582
their,4,4,-6.102111067195046,-6.108358298579481
sanyo,1,0,-7.018401799069201,-7.717796211013582
survived,1,0,-7.018401799069201,-7.717796211013582
dozens,1,0,-7.018401799069201,-7.717796211013582
blacktop,1,0,-7.018401799069201,-7.717796211013582
ill,1,1,-7.018401799069201,-7.024649030453636
effect,1,1,-7.018401799069201,-7.024649030453636
slim,2,0,-6.612936690961036,-7.717796211013582
light,4,1,-6.102111067195046,-7.024649030453636
display,3,0,-6.3252546185092555,-7.717796211013582
beautiful,3,0,-6.3252546185092555,-7.717796211013582
disappointment,0,5,-7.711548979629146,-5.926036741785527
clear,9,2,-5.4089638866351,-6.619183922345472
trying,1,2,-7.018401799069201,-6.619183922345472
refund,0,3,-7.711548979629146,-6.331501849893691
10,2,0,-6.612936690961036,-7.717796211013582
saved,1,0,-7.018401799069201,-7.717796211013582
alot,1,0,-7.018401799069201,-7.717796211013582
how,2,6,-6.612936690961036,-5.771886061958268
bethe,0,1,-7.711548979629146,-7.024649030453636
poor,0,15,-7.711548979629146,-4.945207488773801
around,3,3,-6.3252546185092555,-6.331501849893691
carries,1,0,-7.018401799069201,-7.717796211013582
highest,1,0,-7.018401799069201,-7.717796211013582
antiglare,1,0,-7.018401799069201,-7.717796211013582
screen,4,4,-6.102111067195046,-6.108358298579481
protector,1,1,-7.018401799069201,-7.024649030453636
date,1,1,-7.018401799069201,-7.024649030453636
unreliable,0,4,-7.711548979629146,-6.108358298579481
giving,0,1,-7.711548979629146,-7.024649030453636
easy,13,2,-5.0724916500138875,-6.619183922345472
dualpurpose,1,0,-7.018401799069201,-7.717796211013582
pairing,2,1,-6.612936690961036,-7.024649030453636
happier,3,0,-6.3252546185092555,-7.717796211013582
colleague,1,0,-7.018401799069201,-7.717796211013582
receptiona,1,0,-7.018401799069201,-7.717796211013582
little,5,3,-5.919789510401091,-6.331501849893691
expensive,3,0,-6.3252546185092555,-7.717796211013582
performance,2,2,-6.612936690961036,-6.619183922345472
earpiece,1,2,-7.018401799069201,-6.619183922345472
ngage,0,1,-7.711548979629146,-7.024649030453636
still,2,9,-6.612936690961036,-5.415211118019536
lacking,1,1,-7.018401799069201,-7.024649030453636
earbuds,0,1,-7.711548979629146,-7.024649030453636
issues,1,1,-7.018401799069201,-7.024649030453636
methe,0,1,-7.711548979629146,-7.024649030453636
used,5,7,-5.919789510401091,-5.638354669333745
several,2,3,-6.612936690961036,-6.331501849893691
best,18,2,-4.767110000462706,-6.619183922345472
obviously,1,3,-7.018401799069201,-6.331501849893691
pay,0,3,-7.711548979629146,-6.331501849893691
fast,4,0,-6.102111067195046,-7.717796211013582
shipping,4,1,-6.102111067195046,-7.024649030453636
need,3,2,-6.3252546185092555,-6.619183922345472
least,1,1,-7.018401799069201,-7.024649030453636
hour,2,0,-6.612936690961036,-7.717796211013582
entire,1,0,-7.018401799069201,-7.717796211013582
day,3,1,-6.3252546185092555,-7.024649030453636
magical,1,0,-7.018401799069201,-7.717796211013582
help,1,0,-7.018401799069201,-7.717796211013582
same,1,11,-7.018401799069201,-5.232889561225582
mistake,0,4,-7.711548979629146,-6.108358298579481
earlier,0,1,-7.711548979629146,-7.024649030453636
review,0,2,-7.711548979629146,-6.619183922345472
noted,0,1,-7.711548979629146,-7.024649030453636
nothing,0,3,-7.711548979629146,-6.331501849893691
happens,0,1,-7.711548979629146,-7.024649030453636
uncomfortable,0,3,-7.711548979629146,-6.331501849893691
vx9900,0,1,-7.711548979629146,-7.024649030453636
env,0,1,-7.711548979629146,-7.024649030453636
usually,2,0,-6.612936690961036,-7.717796211013582
headbands,1,0,-7.018401799069201,-7.717796211013582
mess,2,0,-6.612936690961036,-7.717796211013582
hair,1,0,-7.018401799069201,-7.717796211013582
set,1,1,-7.018401799069201,-7.024649030453636
joy,1,0,-7.018401799069201,-7.717796211013582
peachykeen,1,0,-7.018401799069201,-7.717796211013582
kept,0,3,-7.711548979629146,-6.331501849893691
catching,1,1,-7.018401799069201,-7.024649030453636
seat,0,1,-7.711548979629146,-7.024649030453636
pull,0,2,-7.711548979629146,-6.619183922345472
out,5,17,-5.919789510401091,-4.827424453117417
pretty,8,1,-5.514324402292926,-7.024649030453636
sturdy,4,0,-6.102111067195046,-7.717796211013582
large,1,1,-7.018401799069201,-7.024649030453636
cannot,1,4,-7.018401799069201,-6.108358298579481
pictures,4,1,-6.102111067195046,-7.024649030453636
lense,0,1,-7.711548979629146,-7.024649030453636
covered,0,1,-7.711548979629146,-7.024649030453636
didnt,0,6,-7.711548979629146,-5.771886061958268
tones,0,2,-7.711548979629146,-6.619183922345472
acceptable,0,1,-7.711548979629146,-7.024649030453636
year,2,4,-6.612936690961036,-6.108358298579481
fliptop,0,1,-7.711548979629146,-7.024649030453636
started,1,3,-7.018401799069201,-6.331501849893691
loose,0,1,-7.711548979629146,-7.024649030453636
wobbly,0,1,-7.711548979629146,-7.024649030453636
eventually,0,1,-7.711548979629146,-7.024649030453636
black,2,4,-6.612936690961036,-6.108358298579481
couldnt,4,6,-6.102111067195046,-5.771886061958268
receive,0,1,-7.711548979629146,-7.024649030453636
calls,1,11,-7.018401799069201,-5.232889561225582
calendar,0,1,-7.711548979629146,-7.024649030453636
sync,0,1,-7.711548979629146,-7.024649030453636
figure,1,1,-7.018401799069201,-7.024649030453636
video,2,0,-6.612936690961036,-7.717796211013582
clips,1,0,-7.018401799069201,-7.717796211013582
bt,1,2,-7.018401799069201,-6.619183922345472
currently,0,1,-7.711548979629146,-7.024649030453636
real,1,3,-7.018401799069201,-6.331501849893691
games,0,2,-7.711548979629146,-6.619183922345472
firstperson,0,1,-7.711548979629146,-7.024649030453636
shooters,0,1,-7.711548979629146,-7.024649030453636
delay,0,1,-7.711548979629146,-7.024649030453636
messes,0,1,-7.711548979629146,-7.024649030453636
arrived,3,2,-6.3252546185092555,-6.619183922345472
photo,0,1,-7.711548979629146,-7.024649030453636
ad,0,1,-7.711548979629146,-7.024649030453636
forget,0,2,-7.711548979629146,-6.619183922345472
slow,0,3,-7.711548979629146,-6.331501849893691
takes,0,2,-7.711548979629146,-6.619183922345472
forever,1,2,-7.018401799069201,-6.619183922345472
anything,0,4,-7.711548979629146,-6.108358298579481
drivng,0,1,-7.711548979629146,-7.024649030453636
along,0,2,-7.711548979629146,-6.619183922345472
ringing,0,2,-7.711548979629146,-6.619183922345472
reason,0,2,-7.711548979629146,-6.619183922345472
looks,4,6,-6.102111067195046,-5.771886061958268
excited,2,0,-6.612936690961036,-7.717796211013582
thought,2,1,-6.612936690961036,-7.024649030453636
cute,1,0,-7.018401799069201,-7.717796211013582
cool,7,2,-5.63210743794931,-6.619183922345472
fits,8,1,-5.514324402292926,-7.024649030453636
comfortably,3,0,-6.3252546185092555,-7.717796211013582
either,1,3,-7.018401799069201,-6.331501849893691
loud,2,4,-6.612936690961036,-6.108358298579481
lasts,1,3,-7.018401799069201,-6.331501849893691
couple,2,3,-6.612936690961036,-6.331501849893691
days,2,6,-6.612936690961036,-5.771886061958268
feels,3,2,-6.3252546185092555,-6.619183922345472
charging,2,3,-6.612936690961036,-6.331501849893691
current,0,2,-7.711548979629146,-6.619183922345472
cellphones,0,1,-7.711548979629146,-7.024649030453636
planning,0,1,-7.711548979629146,-7.024649030453636
incredible,2,0,-6.612936690961036,-7.717796211013582
value,5,0,-5.919789510401091,-7.717796211013582
jabra,5,1,-5.919789510401091,-7.024649030453636
bt250v,1,0,-7.018401799069201,-7.717796211013582
those,1,1,-7.018401799069201,-7.024649030453636
who,2,1,-6.612936690961036,-7.024649030453636
looking,3,1,-6.3252546185092555,-7.024649030453636
comfort,1,0,-7.018401799069201,-7.717796211013582
opens,0,1,-7.711548979629146,-7.024649030453636
broken,0,1,-7.711548979629146,-7.024649030453636
situations1,1,0,-7.018401799069201,-7.717796211013582
maintain,0,2,-7.711548979629146,-6.619183922345472
lap,0,1,-7.711548979629146,-7.024649030453636
sucked,0,1,-7.711548979629146,-7.024649030453636
stuff,1,1,-7.018401799069201,-7.024649030453636
fantastic,2,0,-6.612936690961036,-7.717796211013582
whatever,1,0,-7.018401799069201,-7.717796211013582
crisp,2,0,-6.612936690961036,-7.717796211013582
complaints,1,0,-7.018401799069201,-7.717796211013582
regarding,1,1,-7.018401799069201,-7.024649030453636
end,2,3,-6.612936690961036,-6.331501849893691
goes,0,3,-7.711548979629146,-6.331501849893691
go,2,3,-6.612936690961036,-6.331501849893691
store,1,3,-7.018401799069201,-6.331501849893691
nokia,2,5,-6.612936690961036,-5.926036741785527
searched,1,0,-7.018401799069201,-7.717796211013582
internet,2,3,-6.612936690961036,-6.331501849893691
loop,1,0,-7.018401799069201,-7.717796211013582
needed,2,1,-6.612936690961036,-7.024649030453636
tiny,1,0,-7.018401799069201,-7.717796211013582
reccommend,0,1,-7.711548979629146,-7.024649030453636
clipping,1,0,-7.018401799069201,-7.717796211013582
deffinitely,1,0,-7.018401799069201,-7.717796211013582
50,1,1,-7.018401799069201,-7.024649030453636
cents,1,0,-7.018401799069201,-7.717796211013582
upandcoming,1,0,-7.018401799069201,-7.717796211013582
earphone,0,1,-7.711548979629146,-7.024649030453636
allot,1,0,-7.018401799069201,-7.717796211013582
clearer,1,0,-7.018401799069201,-7.717796211013582
mic,2,2,-6.612936690961036,-6.619183922345472
purcashed,0,1,-7.711548979629146,-7.024649030453636
flops,0,1,-7.711548979629146,-7.024649030453636
having,1,4,-7.018401799069201,-6.108358298579481
auto,0,1,-7.711548979629146,-7.024649030453636
reverse,0,1,-7.711548979629146,-7.024649030453636
tape,0,1,-7.711548979629146,-7.024649030453636
player,0,4,-7.711548979629146,-6.108358298579481
essentially,0,2,-7.711548979629146,-6.619183922345472
microsofts,0,1,-7.711548979629146,-7.024649030453636
tech,0,2,-7.711548979629146,-6.619183922345472
support,0,4,-7.711548979629146,-6.108358298579481
cheap,3,6,-6.3252546185092555,-5.771886061958268
hey,1,0,-7.018401799069201,-7.717796211013582
pleasantly,1,0,-7.018401799069201,-7.717796211013582
suprised,1,0,-7.018401799069201,-7.717796211013582
low,4,5,-6.102111067195046,-5.926036741785527
cost,1,0,-7.018401799069201,-7.717796211013582
instructions,0,4,-7.711548979629146,-6.108358298579481
provided,1,2,-7.018401799069201,-6.619183922345472
were,0,3,-7.711548979629146,-6.331501849893691
sorry,0,1,-7.711548979629146,-7.024649030453636
antena,0,1,-7.711548979629146,-7.024649030453636
features,3,0,-6.3252546185092555,-7.717796211013582
form,1,0,-7.018401799069201,-7.717796211013582
factor,1,0,-7.018401799069201,-7.717796211013582
expected,2,2,-6.612936690961036,-6.619183922345472
consumer,0,2,-7.711548979629146,-6.619183922345472
experience,0,3,-7.711548979629146,-6.331501849893691
loves,2,0,-6.612936690961036,-7.717796211013582
within,1,5,-7.018401799069201,-5.926036741785527
promised,0,1,-7.711548979629146,-7.024649030453636
timeframe,1,1,-7.018401799069201,-7.024649030453636
possibility,0,1,-7.711548979629146,-7.024649030453636
double,0,1,-7.711548979629146,-7.024649030453636
booking,0,1,-7.711548979629146,-7.024649030453636
impressed,4,4,-6.102111067195046,-6.108358298579481
job,3,1,-6.3252546185092555,-7.024649030453636
sturdiness,1,0,-7.018401799069201,-7.717796211013582
geeky,1,0,-7.018401799069201,-7.717796211013582
thats,3,2,-6.3252546185092555,-6.619183922345472
sex,2,0,-6.612936690961036,-7.717796211013582
toast,1,0,-7.018401799069201,-7.717796211013582
oozes,1,0,-7.018401799069201,-7.717796211013582
down,2,4,-6.612936690961036,-6.108358298579481
embedded,1,0,-7.018401799069201,-7.717796211013582
sleek,2,0,-6.612936690961036,-7.717796211013582
stylish,1,0,-7.018401799069201,-7.717796211013582
leather,3,0,-6.3252546185092555,-7.717796211013582
trouble,1,1,-7.018401799069201,-7.024649030453636
note,0,1,-7.711548979629146,-7.024649030453636
phones,4,4,-6.102111067195046,-6.108358298579481
appearance,0,1,-7.711548979629146,-7.024649030453636
rather,1,3,-7.018401799069201,-6.331501849893691
bland,0,1,-7.711548979629146,-7.024649030453636
model,0,2,-7.711548979629146,-6.619183922345472
gotten,1,1,-7.018401799069201,-7.024649030453636
lot,5,2,-5.919789510401091,-6.619183922345472
compliments,1,0,-7.018401799069201,-7.717796211013582
weight,1,0,-7.018401799069201,-7.717796211013582
hardly,1,0,-7.018401799069201,-7.717796211013582
notice,1,1,-7.018401799069201,-7.024649030453636
accept,0,2,-7.711548979629146,-6.619183922345472
except,0,1,-7.711548979629146,-7.024649030453636
cbr,0,1,-7.711548979629146,-7.024649030453636
mp3s,0,1,-7.711548979629146,-7.024649030453636
preferably,0,1,-7.711548979629146,-7.024649030453636
ripped,0,1,-7.711548979629146,-7.024649030453636
windows,0,1,-7.711548979629146,-7.024649030453636
media,0,1,-7.711548979629146,-7.024649030453636
tried,4,3,-6.102111067195046,-6.331501849893691
other,6,3,-5.765638830573833,-6.331501849893691
bluetooths,1,0,-7.018401799069201,-7.717796211013582
listener,1,0,-7.018401799069201,-7.717796211013582
ease,2,1,-6.612936690961036,-7.024649030453636
wrong,0,2,-7.711548979629146,-6.619183922345472
size,1,1,-7.018401799069201,-7.024649030453636
excrutiatingly,0,1,-7.711548979629146,-7.024649030453636
youll,1,0,-7.018401799069201,-7.717796211013582
thin,1,1,-7.018401799069201,-7.024649030453636
cutouts,1,0,-7.018401799069201,-7.717796211013582
placed,1,1,-7.018401799069201,-7.024649030453636
videos,0,1,-7.711548979629146,-7.024649030453636
crap,0,5,-7.711548979629146,-5.926036741785527
2mp,1,0,-7.018401799069201,-7.717796211013582
pics,1,0,-7.018401799069201,-7.717796211013582
call,1,6,-7.018401799069201,-5.771886061958268
exercise,0,1,-7.711548979629146,-7.024649030453636
frustration,0,1,-7.711548979629146,-7.024649030453636
home,2,0,-6.612936690961036,-7.717796211013582
stereo,1,0,-7.018401799069201,-7.717796211013582
advise,0,2,-7.711548979629146,-6.619183922345472
12,1,2,-7.018401799069201,-6.619183922345472
mega,1,0,-7.018401799069201,-7.717796211013582
pixel,1,0,-7.018401799069201,-7.717796211013582
being,4,3,-6.102111067195046,-6.331501849893691
part,3,2,-6.3252546185092555,-6.619183922345472
reasonably,3,0,-6.3252546185092555,-7.717796211013582
good7,1,0,-7.018401799069201,-7.717796211013582
reaching,0,1,-7.711548979629146,-7.024649030453636
bottom,0,1,-7.711548979629146,-7.024649030453636
row,0,1,-7.711548979629146,-7.024649030453636
send,1,1,-7.018401799069201,-7.024649030453636
keys,0,1,-7.711548979629146,-7.024649030453636
where,1,3,-7.018401799069201,-6.331501849893691
expect,1,3,-7.018401799069201,-6.331501849893691
be3,0,1,-7.711548979629146,-7.024649030453636
seller,4,0,-6.102111067195046,-7.717796211013582
cases,5,0,-5.919789510401091,-7.717796211013582
order,3,0,-6.3252546185092555,-7.717796211013582
choice,2,1,-6.612936690961036,-7.024649030453636
yearsgreat,1,0,-7.018401799069201,-7.717796211013582
cancellation,1,0,-7.018401799069201,-7.717796211013582
adapter,0,1,-7.711548979629146,-7.024649030453636
provide,0,1,-7.711548979629146,-7.024649030453636
sprint,0,3,-7.711548979629146,-6.331501849893691
plugged,0,3,-7.711548979629146,-6.331501849893691
find,1,3,-7.018401799069201,-6.331501849893691
darn,0,1,-7.711548979629146,-7.024649030453636
purchasing,1,1,-7.018401799069201,-7.024649030453636
jx10,1,0,-7.018401799069201,-7.717796211013582
series,1,0,-7.018401799069201,-7.717796211013582
flawlessly,1,0,-7.018401799069201,-7.717796211013582
ringer,1,0,-7.018401799069201,-7.717796211013582
choices,1,0,-7.018401799069201,-7.717796211013582
bother,0,1,-7.711548979629146,-7.024649030453636
plenty,1,0,-7.018401799069201,-7.717796211013582
capacity,1,0,-7.018401799069201,-7.717796211013582
confortable,1,0,-7.018401799069201,-7.717796211013582
somewhat,1,0,-7.018401799069201,-7.717796211013582
extended,2,0,-6.612936690961036,-7.717796211013582
periods,1,0,-7.018401799069201,-7.717796211013582
button,0,2,-7.711548979629146,-6.619183922345472
felt,0,1,-7.711548979629146,-7.024649030453636
crack,0,1,-7.711548979629146,-7.024649030453636
echo,0,2,-7.711548979629146,-6.619183922345472
problemvery,0,1,-7.711548979629146,-7.024649030453636
unsatisfactory,0,1,-7.711548979629146,-7.024649030453636
under,2,1,-6.612936690961036,-7.024649030453636
longwearing,1,0,-7.018401799069201,-7.717796211013582
conditions,1,0,-7.018401799069201,-7.717796211013582
igo,2,0,-6.612936690961036,-7.717796211013582
brand,1,1,-7.018401799069201,-7.024649030453636
phonesmp3,1,0,-7.018401799069201,-7.717796211013582
players,1,0,-7.018401799069201,-7.717796211013582
family,3,0,-6.3252546185092555,-7.717796211013582
runs,0,1,-7.711548979629146,-7.024649030453636
quickly,4,1,-6.102111067195046,-7.024649030453636
took,1,1,-7.018401799069201,-7.024649030453636
6,0,2,-7.711548979629146,-6.619183922345472
inches,0,1,-7.711548979629146,-7.024649030453636
above,0,2,-7.711548979629146,-6.619183922345472
kitchen,0,1,-7.711548979629146,-7.024649030453636
counter,0,1,-7.711548979629146,-7.024649030453636
crackedi,0,1,-7.711548979629146,-7.024649030453636
laughing,0,1,-7.711548979629146,-7.024649030453636
particular,0,2,-7.711548979629146,-6.619183922345472
angle,0,1,-7.711548979629146,-7.024649030453636
party,0,2,-7.711548979629146,-6.619183922345472
clearly,0,2,-7.711548979629146,-6.619183922345472
put,1,5,-7.018401799069201,-5.926036741785527
onid,0,1,-7.711548979629146,-7.024649030453636
avoiding,0,1,-7.711548979629146,-7.024649030453636
iriver,1,0,-7.018401799069201,-7.717796211013582
spinn,1,0,-7.018401799069201,-7.717796211013582
strange,0,1,-7.711548979629146,-7.024649030453636
ticking,0,1,-7.711548979629146,-7.024649030453636
noises,0,1,-7.711548979629146,-7.024649030453636
ends,0,1,-7.711548979629146,-7.024649030453636
sounded,1,1,-7.018401799069201,-7.024649030453636
ok,0,2,-7.711548979629146,-6.619183922345472
wifes,1,1,-7.018401799069201,-7.024649030453636
almost,1,1,-7.018401799069201,-7.024649030453636
totally,0,1,-7.711548979629146,-7.024649030453636
unintelligible,0,1,-7.711548979629146,-7.024649030453636
she,2,2,-6.612936690961036,-6.619183922345472
understand,0,2,-7.711548979629146,-6.619183922345472
word,0,1,-7.711548979629146,-7.024649030453636
said,2,2,-6.612936690961036,-6.619183922345472
distorted,0,1,-7.711548979629146,-7.024649030453636
yell,0,1,-7.711548979629146,-7.024649030453636
warning,0,2,-7.711548979629146,-6.619183922345472
wind,0,1,-7.711548979629146,-7.024649030453636
sister,1,0,-7.018401799069201,-7.717796211013582
described,1,0,-7.018401799069201,-7.717796211013582
nightmare,0,1,-7.711548979629146,-7.024649030453636
hours,1,4,-7.018401799069201,-6.108358298579481
literally,0,2,-7.711548979629146,-6.619183922345472
drained,0,1,-7.711548979629146,-7.024649030453636
dying,0,2,-7.711548979629146,-6.619183922345472
razr,3,2,-6.3252546185092555,-6.619183922345472
owneryou,1,0,-7.018401799069201,-7.717796211013582
came,4,1,-6.102111067195046,-7.024649030453636
earbud,1,2,-7.018401799069201,-6.619183922345472
tips,2,0,-6.612936690961036,-7.717796211013582
packaged,3,0,-6.3252546185092555,-7.717796211013582
intended,1,0,-7.018401799069201,-7.717796211013582
total,1,0,-7.018401799069201,-7.717796211013582
package,1,0,-7.018401799069201,-7.717796211013582
keep,2,2,-6.612936690961036,-6.619183922345472
overnight,1,0,-7.018401799069201,-7.717796211013582
state,1,0,-7.018401799069201,-7.717796211013582
allow,1,0,-7.018401799069201,-7.717796211013582
usage,1,0,-7.018401799069201,-7.717796211013582
driving,2,0,-6.612936690961036,-7.717796211013582
huge,0,2,-7.711548979629146,-6.619183922345472
flaw,0,2,-7.711548979629146,-6.619183922345472
unless,0,2,-7.711548979629146,-6.619183922345472
correctly,0,1,-7.711548979629146,-7.024649030453636
lasted,0,1,-7.711548979629146,-7.024649030453636
blew,0,1,-7.711548979629146,-7.024649030453636
utterly,0,1,-7.711548979629146,-7.024649030453636
confusing,0,1,-7.711548979629146,-7.024649030453636
caused,0,1,-7.711548979629146,-7.024649030453636
lose,0,2,-7.711548979629146,-6.619183922345472
contacts,0,2,-7.711548979629146,-6.619183922345472
flimsy,0,2,-7.711548979629146,-6.619183922345472
plastic,1,3,-7.018401799069201,-6.331501849893691
front,1,2,-7.018401799069201,-6.619183922345472
or,8,14,-5.514324402292926,-5.009746009911372
protection,2,1,-6.612936690961036,-7.024649030453636
whatsoever,0,2,-7.711548979629146,-6.619183922345472
handsfree,3,0,-6.3252546185092555,-7.717796211013582
gadgets,1,0,-7.018401799069201,-7.717796211013582
basically,0,2,-7.711548979629146,-6.619183922345472
broke,0,8,-7.711548979629146,-5.5205716336773625
months,2,6,-6.612936690961036,-5.771886061958268
displeased,0,1,-7.711548979629146,-7.024649030453636
upload,0,1,-7.711548979629146,-7.024649030453636
ringtones,2,1,-6.612936690961036,-7.024649030453636
third,1,1,-7.018401799069201,-7.024649030453636
modest,1,0,-7.018401799069201,-7.717796211013582
priced,5,0,-5.919789510401091,-7.717796211013582
cellular,1,0,-7.018401799069201,-7.717796211013582
buds,0,1,-7.711548979629146,-7.024649030453636
play,1,1,-7.018401799069201,-7.024649030453636
music,0,1,-7.711548979629146,-7.024649030453636
satisfied,4,0,-6.102111067195046,-7.717796211013582
ready,0,1,-7.711548979629146,-7.024649030453636
prime,0,1,-7.711548979629146,-7.024649030453636
care,0,3,-7.711548979629146,-6.331501849893691
tell,0,2,-7.711548979629146,-6.619183922345472
coming,0,1,-7.711548979629146,-7.024649030453636
worthless,0,2,-7.711548979629146,-6.619183922345472
biggest,0,1,-7.711548979629146,-7.024649030453636
complaint,0,2,-7.711548979629146,-6.619183922345472
drains,0,1,-7.711548979629146,-7.024649030453636
superfast,0,1,-7.711548979629146,-7.024649030453636
mode,0,1,-7.711548979629146,-7.024649030453636
purchased,3,1,-6.3252546185092555,-7.024649030453636
longer,0,3,-7.711548979629146,-6.331501849893691
yet,2,1,-6.612936690961036,-7.024649030453636
run,2,0,-6.612936690961036,-7.717796211013582
bars,1,2,-7.018401799069201,-6.619183922345472
might,0,3,-7.711548979629146,-6.331501849893691
ergonomic,0,1,-7.711548979629146,-7.024649030453636
theory,0,1,-7.711548979629146,-7.024649030453636
stand,0,1,-7.711548979629146,-7.024649030453636
awesome,4,0,-6.102111067195046,-7.717796211013582
2000,1,0,-7.018401799069201,-7.717796211013582
abovepretty,0,1,-7.711548979629146,-7.024649030453636
ideal,1,0,-7.018401799069201,-7.717796211013582
whose,1,0,-7.018401799069201,-7.717796211013582
sensitive,1,0,-7.018401799069201,-7.717796211013582
show,1,0,-7.018401799069201,-7.717796211013582
junk,0,8,-7.711548979629146,-5.5205716336773625
inexcusable,0,1,-7.711548979629146,-7.024649030453636
returning,0,1,-7.711548979629146,-7.024649030453636
perhaps,0,2,-7.711548979629146,-6.619183922345472
changing,0,1,-7.711548979629146,-7.024649030453636
carriers,0,1,-7.711548979629146,-7.024649030453636
usable,1,0,-7.018401799069201,-7.717796211013582
keyboard,4,0,-6.102111067195046,-7.717796211013582
actually,2,2,-6.612936690961036,-6.619183922345472
turns,1,0,-7.018401799069201,-7.717796211013582
realworld,1,0,-7.018401799069201,-7.717796211013582
useful,1,0,-7.018401799069201,-7.717796211013582
machine,1,0,-7.018401799069201,-7.717796211013582
instead,3,0,-6.3252546185092555,-7.717796211013582
neat,1,0,-7.018401799069201,-7.717796211013582
gadget,1,0,-7.018401799069201,-7.717796211013582
construction,1,2,-7.018401799069201,-6.619183922345472
poorly,0,3,-7.711548979629146,-6.331501849893691
contstruct,0,1,-7.711548979629146,-7.024649030453636
hinge,0,1,-7.711548979629146,-7.024649030453636
want,1,4,-7.018401799069201,-6.108358298579481
howeverthe,0,1,-7.711548979629146,-7.024649030453636
riingtones,0,1,-7.711548979629146,-7.024649030453636
neither,0,2,-7.711548979629146,-6.619183922345472
defect,0,1,-7.711548979629146,-7.024649030453636
risk,0,1,-7.711548979629146,-7.024649030453636
buying,0,4,-7.711548979629146,-6.108358298579481
built,0,1,-7.711548979629146,-7.024649030453636
alone,1,1,-7.018401799069201,-7.024649030453636
charm,4,0,-6.102111067195046,-7.717796211013582
posted,1,0,-7.018401799069201,-7.717796211013582
detailed,1,0,-7.018401799069201,-7.717796211013582
comments,1,0,-7.018401799069201,-7.717796211013582
grey,1,0,-7.018401799069201,-7.717796211013582
fire,2,0,-6.612936690961036,-7.717796211013582
red,1,1,-7.018401799069201,-7.024649030453636
color,3,2,-6.3252546185092555,-6.619183922345472
average,0,1,-7.711548979629146,-7.024649030453636
operates,0,1,-7.711548979629146,-7.024649030453636
o,1,0,-7.018401799069201,-7.717796211013582
gosh,1,0,-7.018401799069201,-7.717796211013582
together,1,1,-7.018401799069201,-7.024649030453636
restart,0,1,-7.711548979629146,-7.024649030453636
dozen,0,1,-7.711548979629146,-7.024649030453636
hundred,0,1,-7.711548979629146,-7.024649030453636
imagine,0,1,-7.711548979629146,-7.024649030453636
fun,0,1,-7.711548979629146,-7.024649030453636
sending,1,3,-7.018401799069201,-6.331501849893691
each,0,1,-7.711548979629146,-7.024649030453636
guess,0,1,-7.711548979629146,-7.024649030453636
yes,1,0,-7.018401799069201,-7.717796211013582
shiny,1,0,-7.018401799069201,-7.717796211013582
frog,1,0,-7.018401799069201,-7.717796211013582
adorable,1,0,-7.018401799069201,-7.717796211013582
eye,1,0,-7.018401799069201,-7.717796211013582
accessoryone,0,1,-7.711548979629146,-7.024649030453636
dissapointing,0,1,-7.711548979629146,-7.024649030453636
awkward,0,1,-7.711548979629146,-7.024649030453636
earset,1,0,-7.018401799069201,-7.717796211013582
outgoing,1,0,-7.018401799069201,-7.717796211013582
certain,0,1,-7.711548979629146,-7.024649030453636
places,0,1,-7.711548979629146,-7.024649030453636
prettier,1,0,-7.018401799069201,-7.717796211013582
graphics,2,0,-6.612936690961036,-7.717796211013582
incredibly,1,0,-7.018401799069201,-7.717796211013582
sharp,3,0,-6.3252546185092555,-7.717796211013582
improper,0,1,-7.711548979629146,-7.024649030453636
description,1,2,-7.018401799069201,-6.619183922345472
winner,1,0,-7.018401799069201,-7.717796211013582
us,1,1,-7.018401799069201,-7.024649030453636
iam,1,0,-7.018401799069201,-7.717796211013582
normally,1,0,-7.018401799069201,-7.717796211013582
apart,1,0,-7.018401799069201,-7.717796211013582
haul,1,0,-7.018401799069201,-7.717796211013582
cassette,0,1,-7.711548979629146,-7.024649030453636
timely,1,0,-7.018401799069201,-7.717796211013582
shipment,1,0,-7.018401799069201,-7.717796211013582
absolutely,3,1,-6.3252546185092555,-7.024649030453636
horrible,0,8,-7.711548979629146,-5.5205716336773625
apartment,0,1,-7.711548979629146,-7.024649030453636
problem,4,8,-6.102111067195046,-5.5205716336773625
bucks,0,1,-7.711548979629146,-7.024649030453636
bit,0,2,-7.711548979629146,-6.619183922345472
glasses,2,0,-6.612936690961036,-7.717796211013582
four,0,1,-7.711548979629146,-7.024649030453636
times,1,3,-7.018401799069201,-6.331501849893691
latch,0,1,-7.711548979629146,-7.024649030453636
visor,0,1,-7.711548979629146,-7.024649030453636
anywhere,1,0,-7.018401799069201,-7.717796211013582
getting,2,1,-6.612936690961036,-7.024649030453636
numerous,1,1,-7.018401799069201,-7.024649030453636
palms,1,0,-7.018401799069201,-7.717796211013582
through,1,1,-7.018401799069201,-7.024649030453636
sounds,2,0,-6.612936690961036,-7.717796211013582
effective,1,0,-7.018401799069201,-7.717796211013582
mind,0,1,-7.711548979629146,-7.024649030453636
gonna,0,1,-7.711548979629146,-7.024649030453636
plays,1,0,-7.018401799069201,-7.717796211013582
louder,1,0,-7.018401799069201,-7.717796211013582
speaker,2,1,-6.612936690961036,-7.024649030453636
dead,0,3,-7.711548979629146,-6.331501849893691
bt50,0,1,-7.711548979629146,-7.024649030453636
5year,0,1,-7.711548979629146,-7.024649030453636
old,0,5,-7.711548979629146,-5.926036741785527
2160,0,1,-7.711548979629146,-7.024649030453636
tracfone,0,1,-7.711548979629146,-7.024649030453636
understanding,1,0,-7.018401799069201,-7.717796211013582
patient,1,0,-7.018401799069201,-7.717796211013582
market,3,0,-6.3252546185092555,-7.717796211013582
landline,1,0,-7.018401799069201,-7.717796211013582
looses,0,1,-7.711548979629146,-7.024649030453636
feet,1,1,-7.018401799069201,-7.024649030453636
between,1,2,-7.018401799069201,-6.619183922345472
messages,1,0,-7.018401799069201,-7.717796211013582
web,1,0,-7.018401799069201,-7.717796211013582
browsing,1,0,-7.018401799069201,-7.717796211013582
significantly,1,0,-7.018401799069201,-7.717796211013582
faster,1,0,-7.018401799069201,-7.717796211013582
previous,1,1,-7.018401799069201,-7.024649030453636
locks,0,1,-7.711548979629146,-7.024649030453636
screens,0,1,-7.711548979629146,-7.024649030453636
flash,0,1,-7.711548979629146,-7.024649030453636
randomly,0,1,-7.711548979629146,-7.024649030453636
pocket,2,1,-6.612936690961036,-7.024649030453636
locked,0,1,-7.711548979629146,-7.024649030453636
power,1,1,-7.018401799069201,-7.024649030453636
via,1,0,-7.018401799069201,-7.717796211013582
usb,2,1,-6.612936690961036,-7.024649030453636
wall,1,1,-7.018401799069201,-7.024649030453636
outlet,1,2,-7.018401799069201,-6.619183922345472
file,1,0,-7.018401799069201,-7.717796211013582
browser,1,0,-7.018401799069201,-7.717796211013582
offers,1,0,-7.018401799069201,-7.717796211013582
options,1,0,-7.018401799069201,-7.717796211013582
needshandsfree,1,0,-7.018401799069201,-7.717796211013582
plantronincs,0,1,-7.711548979629146,-7.024649030453636
continues,0,1,-7.711548979629146,-7.024649030453636
flawed,0,1,-7.711548979629146,-7.024649030453636
loads,1,0,-7.018401799069201,-7.717796211013582
super,1,1,-7.018401799069201,-7.024649030453636
wouldnt,1,1,-7.018401799069201,-7.024649030453636
seen,1,0,-7.018401799069201,-7.717796211013582
jerks,0,1,-7.711548979629146,-7.024649030453636
reliability,0,1,-7.711548979629146,-7.024649030453636
3,1,3,-7.018401799069201,-6.331501849893691
mins,0,1,-7.711548979629146,-7.024649030453636
book,1,1,-7.018401799069201,-7.024649030453636
phonebattery,0,1,-7.711548979629146,-7.024649030453636
short,0,1,-7.711548979629146,-7.024649030453636
heavyit,0,1,-7.711548979629146,-7.024649030453636
keeps,0,1,-7.711548979629146,-7.024649030453636
falling,0,1,-7.711548979629146,-7.024649030453636
everything,6,0,-5.765638830573833,-7.717796211013582
trythe,1,0,-7.018401799069201,-7.717796211013582
certainly,2,0,-6.612936690961036,-7.717796211013582
engineered,1,0,-7.018401799069201,-7.717796211013582
clever,1,0,-7.018401799069201,-7.717796211013582
way,2,5,-6.612936690961036,-5.926036741785527
garbage,0,1,-7.711548979629146,-7.024649030453636
3o,0,1,-7.711548979629146,-7.024649030453636
minutes,2,2,-6.612936690961036,-6.619183922345472
try,1,2,-7.018401799069201,-6.619183922345472
phonemy,0,1,-7.711548979629146,-7.024649030453636
wife,0,1,-7.711548979629146,-7.024649030453636
despite,1,2,-7.018401799069201,-6.619183922345472
flaws,1,0,-7.018401799069201,-7.717796211013582
exceptional,1,0,-7.018401799069201,-7.717796211013582
additional,1,1,-7.018401799069201,-7.024649030453636
costs,1,1,-7.018401799069201,-7.024649030453636
owning,1,0,-7.018401799069201,-7.717796211013582
official,1,0,-7.018401799069201,-7.717796211013582
oem,1,0,-7.018401799069201,-7.717796211013582
leopard,1,0,-7.018401799069201,-7.717796211013582
print,1,0,-7.018401799069201,-7.717796211013582
wonderfully,1,0,-7.018401799069201,-7.717796211013582
wild,1,0,-7.018401799069201,-7.717796211013582
adhesive,0,1,-7.711548979629146,-7.024649030453636
operate,1,1,-7.018401799069201,-7.024649030453636
screenthis,0,1,-7.711548979629146,-7.024649030453636
interface,0,1,-7.711548979629146,-7.024649030453636
decade,0,1,-7.711548979629146,-7.024649030453636
compete,0,1,-7.711548979629146,-7.024649030453636
designs,0,1,-7.711548979629146,-7.024649030453636
transmission,1,0,-7.018401799069201,-7.717796211013582
careful,0,2,-7.711548979629146,-6.619183922345472
utter,0,1,-7.711548979629146,-7.024649030453636
devices,1,0,-7.018401799069201,-7.717796211013582
making,1,1,-7.018401799069201,-7.024649030453636
dialing,2,0,-6.612936690961036,-7.717796211013582
feature,2,3,-6.612936690961036,-6.331501849893691
tracfonewebsite,1,0,-7.018401799069201,-7.717796211013582
user,1,1,-7.018401799069201,-7.024649030453636
friendly,1,1,-7.018401799069201,-7.024649030453636
toactivate,1,0,-7.018401799069201,-7.717796211013582
etc,1,1,-7.018401799069201,-7.024649030453636
span,1,0,-7.018401799069201,-7.717796211013582
exclaim,1,0,-7.018401799069201,-7.717796211013582
whoa,1,0,-7.018401799069201,-7.717796211013582
tv,1,0,-7.018401799069201,-7.717796211013582
cheapy,1,0,-7.018401799069201,-7.717796211013582
lots,1,0,-7.018401799069201,-7.717796211013582
awful,1,3,-7.018401799069201,-6.331501849893691
europe,0,1,-7.711548979629146,-7.024649030453636
asia,0,1,-7.711548979629146,-7.024649030453636
waterproof,1,0,-7.018401799069201,-7.717796211013582
extra,1,3,-7.018401799069201,-6.331501849893691
carry,1,0,-7.018401799069201,-7.717796211013582
cut,2,0,-6.612936690961036,-7.717796211013582
ask,1,0,-7.018401799069201,-7.717796211013582
theres,1,2,-7.018401799069201,-6.619183922345472
tick,0,1,-7.711548979629146,-7.024649030453636
background,1,1,-7.018401799069201,-7.024649030453636
experienced,0,2,-7.711548979629146,-6.619183922345472
snug,0,1,-7.711548979629146,-7.024649030453636
room,1,1,-7.018401799069201,-7.024649030453636
sides,1,1,-7.018401799069201,-7.024649030453636
drain,0,3,-7.711548979629146,-6.331501849893691
may,0,3,-7.711548979629146,-6.331501849893691
potentially,0,1,-7.711548979629146,-7.024649030453636
fry,0,1,-7.711548979629146,-7.024649030453636
range,3,0,-6.3252546185092555,-7.717796211013582
roam,1,0,-7.018401799069201,-7.717796211013582
house,1,1,-7.018401799069201,-7.024649030453636
living,1,0,-7.018401799069201,-7.717796211013582
receptionsound,1,0,-7.018401799069201,-7.717796211013582
trust,0,1,-7.711548979629146,-7.024649030453636
website,0,2,-7.711548979629146,-6.619183922345472
someone,1,0,-7.018401799069201,-7.717796211013582
shouldve,1,0,-7.018401799069201,-7.717796211013582
invented,1,0,-7.018401799069201,-7.717796211013582
sooner,1,0,-7.018401799069201,-7.717796211013582
friends,1,0,-7.018401799069201,-7.717796211013582
enjoy,1,0,-7.018401799069201,-7.717796211013582
pushed,0,1,-7.711548979629146,-7.024649030453636
hard,2,2,-6.612936690961036,-6.619183922345472
number,1,1,-7.018401799069201,-7.024649030453636
function,0,1,-7.711548979629146,-7.024649030453636
wearing,0,1,-7.711548979629146,-7.024649030453636
razor,0,1,-7.711548979629146,-7.024649030453636
v3i,0,1,-7.711548979629146,-7.024649030453636
save,0,1,-7.711548979629146,-7.024649030453636
11,0,1,-7.711548979629146,-7.024649030453636
wasnt,1,2,-7.018401799069201,-6.619183922345472
ac,1,0,-7.018401799069201,-7.717796211013582
included,1,2,-7.018401799069201,-6.619183922345472
juicehighy,1,0,-7.018401799069201,-7.717796211013582
recommended,1,0,-7.018401799069201,-7.717796211013582
perfect,1,0,-7.018401799069201,-7.717796211013582
ps3,1,0,-7.018401799069201,-7.717796211013582
hand,2,0,-6.612936690961036,-7.717796211013582
inexpensive,0,1,-7.711548979629146,-7.024649030453636
upbeat,1,0,-7.018401799069201,-7.717796211013582
should,1,2,-7.018401799069201,-6.619183922345472
received,3,3,-6.3252546185092555,-6.331501849893691
white,1,1,-7.018401799069201,-7.024649030453636
colored,0,1,-7.711548979629146,-7.024649030453636
hoursthe,0,1,-7.711548979629146,-7.024649030453636
thereplacement,0,1,-7.711548979629146,-7.024649030453636
orders,1,0,-7.018401799069201,-7.717796211013582
source,1,0,-7.018401799069201,-7.717796211013582
holder,0,1,-7.711548979629146,-7.024649030453636
commercials,0,1,-7.711548979629146,-7.024649030453636
misleading,0,1,-7.711548979629146,-7.024649030453636
fails,0,1,-7.711548979629146,-7.024649030453636
steer,0,1,-7.711548979629146,-7.024649030453636
genuine,0,1,-7.711548979629146,-7.024649030453636
palm,1,2,-7.018401799069201,-6.619183922345472
replacementr,0,1,-7.711548979629146,-7.024649030453636
pens,0,1,-7.711548979629146,-7.024649030453636
threepack,0,1,-7.711548979629146,-7.024649030453636
earpieces,1,1,-7.018401799069201,-7.024649030453636
company,0,5,-7.711548979629146,-5.926036741785527
restocking,0,1,-7.711548979629146,-7.024649030453636
fee,0,1,-7.711548979629146,-7.024649030453636
ipod,2,0,-6.612936690961036,-7.717796211013582
penny,1,0,-7.018401799069201,-7.717796211013582
freezes,0,1,-7.711548979629146,-7.024649030453636
frequently4,0,1,-7.711548979629146,-7.024649030453636
wit,0,1,-7.711548979629146,-7.024649030453636
hit,0,1,-7.711548979629146,-7.024649030453636
dropping,0,2,-7.711548979629146,-6.619183922345472
signal,1,5,-7.018401799069201,-5.926036741785527
embarassing,0,1,-7.711548979629146,-7.024649030453636
hurt,0,1,-7.711548979629146,-7.024649030453636
push,0,2,-7.711548979629146,-6.619183922345472
refuse,0,1,-7.711548979629146,-7.024649030453636
stopped,0,1,-7.711548979629146,-7.024649030453636
disapoinment,0,1,-7.711548979629146,-7.024649030453636
download,2,0,-6.612936690961036,-7.717796211013582
laptop,2,0,-6.612936690961036,-7.717796211013582
ir,1,0,-7.018401799069201,-7.717796211013582
windresistant,1,0,-7.018401799069201,-7.717796211013582
snap,0,1,-7.711548979629146,-7.024649030453636
clicks,0,1,-7.711548979629146,-7.024649030453636
wonder,0,1,-7.711548979629146,-7.024649030453636
mechanism,0,1,-7.711548979629146,-7.024649030453636
fourth,0,1,-7.711548979629146,-7.024649030453636
hated,0,1,-7.711548979629146,-7.024649030453636
chargelife,1,0,-7.018401799069201,-7.717796211013582
otherwise,1,0,-7.018401799069201,-7.717796211013582
install,1,1,-7.018401799069201,-7.024649030453636
ordered,1,2,-7.018401799069201,-6.619183922345472
sony,2,1,-6.612936690961036,-7.024649030453636
ericsson,0,1,-7.711548979629146,-7.024649030453636
w810i,1,1,-7.018401799069201,-7.024649030453636
once,0,3,-7.711548979629146,-6.331501849893691
units,0,1,-7.711548979629146,-7.024649030453636
failed,0,3,-7.711548979629146,-6.331501849893691
pros,0,1,-7.711548979629146,-7.024649030453636
hoped,0,1,-7.711548979629146,-7.024649030453636
access,0,1,-7.711548979629146,-7.024649030453636
rare,0,1,-7.711548979629146,-7.024649030453636
instance,0,1,-7.711548979629146,-7.024649030453636
exchanged,1,1,-7.018401799069201,-7.024649030453636
ericson,1,0,-7.018401799069201,-7.717796211013582
z500a,1,0,-7.018401799069201,-7.717796211013582
chargers,1,2,-7.018401799069201,-6.619183922345472
gels,1,1,-7.018401799069201,-7.024649030453636
r,1,0,-7.018401799069201,-7.717796211013582
loudest,1,0,-7.018401799069201,-7.717796211013582
setting,1,0,-7.018401799069201,-7.717796211013582
tries,1,0,-7.018401799069201,-7.717796211013582
address,1,0,-7.018401799069201,-7.717796211013582
rebootsoverall,1,0,-7.018401799069201,-7.717796211013582
rate,1,0,-7.018401799069201,-7.717796211013582
ipods,1,0,-7.018401799069201,-7.717796211013582
continue,0,1,-7.711548979629146,-7.024649030453636
periodically,0,1,-7.711548979629146,-7.024649030453636
somehow,0,1,-7.711548979629146,-7.024649030453636
ability,0,1,-7.711548979629146,-7.024649030453636
receiving,0,2,-7.711548979629146,-6.619183922345472
pitiful,0,1,-7.711548979629146,-7.024649030453636
respect,0,1,-7.711548979629146,-7.024649030453636
docking,2,0,-6.612936690961036,-7.717796211013582
station,2,0,-6.612936690961036,-7.717796211013582
linking,1,0,-7.018401799069201,-7.717796211013582
8530,1,0,-7.018401799069201,-7.717796211013582
curve,1,0,-7.018401799069201,-7.717796211013582
bulky,1,0,-7.018401799069201,-7.717796211013582
cables,1,0,-7.018401799069201,-7.717796211013582
functionality,2,0,-6.612936690961036,-7.717796211013582
connected,1,0,-7.018401799069201,-7.717796211013582
bluetoothmotorola,1,0,-7.018401799069201,-7.717796211013582
hs850,1,0,-7.018401799069201,-7.717796211013582
whether,1,0,-7.018401799069201,-7.717796211013582
sold,1,0,-7.018401799069201,-7.717796211013582
please,0,2,-7.711548979629146,-6.619183922345472
fabulous,1,0,-7.018401799069201,-7.717796211013582
exceeds,1,0,-7.018401799069201,-7.717796211013582
sight,1,0,-7.018401799069201,-7.717796211013582
missed,0,1,-7.711548979629146,-7.024649030453636
breakage,0,1,-7.711548979629146,-7.024649030453636
unacceptible,0,1,-7.711548979629146,-7.024649030453636
solid,1,0,-7.018401799069201,-7.717796211013582
defective,0,2,-7.711548979629146,-6.619183922345472
comes,0,3,-7.711548979629146,-6.331501849893691
stops,0,1,-7.711548979629146,-7.024649030453636
intermittently,0,1,-7.711548979629146,-7.024649030453636
drawback,0,1,-7.711548979629146,-7.024649030453636
mp3,0,1,-7.711548979629146,-7.024649030453636
cover,0,2,-7.711548979629146,-6.619183922345472
pause,0,1,-7.711548979629146,-7.024649030453636
skip,0,1,-7.711548979629146,-7.024649030453636
songs,0,1,-7.711548979629146,-7.024649030453636
lock,0,2,-7.711548979629146,-6.619183922345472
seconds,0,1,-7.711548979629146,-7.024649030453636
scary,0,1,-7.711548979629146,-7.024649030453636
month,0,1,-7.711548979629146,-7.024649030453636
minute,0,1,-7.711548979629146,-7.024649030453636
area,0,2,-7.711548979629146,-6.619183922345472
unhappy,0,2,-7.711548979629146,-6.619183922345472
immediately,0,1,-7.711548979629146,-7.024649030453636
rotating,1,0,-7.018401799069201,-7.717796211013582
buyerbe,0,1,-7.711548979629146,-7.024649030453636
accompanied,1,0,-7.018401799069201,-7.717796211013582
brilliant,1,0,-7.018401799069201,-7.717796211013582
combination,1,0,-7.018401799069201,-7.717796211013582
stuck,0,1,-7.711548979629146,-7.024649030453636
max,0,1,-7.711548979629146,-7.024649030453636
mute,0,1,-7.711548979629146,-7.024649030453636
satisifed,1,0,-7.018401799069201,-7.717796211013582
wasted,0,2,-7.711548979629146,-6.619183922345472
later,0,4,-7.711548979629146,-6.108358298579481
activated,0,1,-7.711548979629146,-7.024649030453636
suddenly,0,1,-7.711548979629146,-7.024649030453636
answer,0,1,-7.711548979629146,-7.024649030453636
unit,0,8,-7.711548979629146,-5.5205716336773625
wont,2,1,-6.612936690961036,-7.024649030453636
pleather,0,1,-7.711548979629146,-7.024649030453636
shifting,1,0,-7.018401799069201,-7.717796211013582
bubbling,1,0,-7.018401799069201,-7.717796211013582
peeling,1,0,-7.018401799069201,-7.717796211013582
scratch,1,0,-7.018401799069201,-7.717796211013582
nothingi,1,0,-7.018401799069201,-7.717796211013582
droid,1,0,-7.018401799069201,-7.717796211013582
practically,0,1,-7.711548979629146,-7.024649030453636
add,0,1,-7.711548979629146,-7.024649030453636
boost,0,1,-7.711548979629146,-7.024649030453636
encourage,1,0,-7.018401799069201,-7.717796211013582
metro,1,0,-7.018401799069201,-7.717796211013582
pcs,1,0,-7.018401799069201,-7.717796211013582
schr450,1,0,-7.018401799069201,-7.717796211013582
slider,1,0,-7.018401799069201,-7.717796211013582
premium,1,0,-7.018401799069201,-7.717796211013582
plugs,1,0,-7.018401799069201,-7.717796211013582
styling,1,0,-7.018401799069201,-7.717796211013582
though,1,1,-7.018401799069201,-7.024649030453636
talking,0,1,-7.711548979629146,-7.024649030453636
shouting,0,1,-7.711548979629146,-7.024649030453636
telephone,0,1,-7.711548979629146,-7.024649030453636
told,0,2,-7.711548979629146,-6.619183922345472
transformed,1,0,-7.018401799069201,-7.717796211013582
organizational,1,0,-7.018401799069201,-7.717796211013582
capability,1,0,-7.018401799069201,-7.717796211013582
whole,1,0,-7.018401799069201,-7.717796211013582
self,1,0,-7.018401799069201,-7.717796211013582
portraits,1,0,-7.018401799069201,-7.717796211013582
outside,1,0,-7.018401799069201,-7.717796211013582
exterior,1,0,-7.018401799069201,-7.717796211013582
tungsten,0,1,-7.711548979629146,-7.024649030453636
e2,0,1,-7.711548979629146,-7.024649030453636
practical,1,0,-7.018401799069201,-7.717796211013582
ample,1,0,-7.018401799069201,-7.717796211013582
storage,1,1,-7.018401799069201,-7.024649030453636
compromise,1,0,-7.018401799069201,-7.717796211013582
qwerty,1,0,-7.018401799069201,-7.717796211013582
basic,1,0,-7.018401799069201,-7.717796211013582
keypad,1,0,-7.018401799069201,-7.717796211013582
balance,0,1,-7.711548979629146,-7.024649030453636
awsome,1,0,-7.018401799069201,-7.717796211013582
standard,0,1,-7.711548979629146,-7.024649030453636
5of,0,1,-7.711548979629146,-7.024649030453636
worthwhile,2,0,-6.612936690961036,-7.717796211013582
usefulness,1,0,-7.018401799069201,-7.717796211013582
4s,0,1,-7.711548979629146,-7.024649030453636
connecting,0,1,-7.711548979629146,-7.024649030453636
multiple,0,1,-7.711548979629146,-7.024649030453636
sources,0,1,-7.711548979629146,-7.024649030453636
imac,0,1,-7.711548979629146,-7.024649030453636
external,0,1,-7.711548979629146,-7.024649030453636
saggy,0,1,-7.711548979629146,-7.024649030453636
floppy,0,1,-7.711548979629146,-7.024649030453636
soft,1,0,-7.018401799069201,-7.717796211013582
tight,1,0,-7.018401799069201,-7.717796211013582
face,1,2,-7.018401799069201,-6.619183922345472
shape,1,0,-7.018401799069201,-7.717796211013582
needless,0,1,-7.711548979629146,-7.024649030453636
according,1,0,-7.018401799069201,-7.717796211013582
called,1,0,-7.018401799069201,-7.717796211013582
applifies,1,0,-7.018401799069201,-7.717796211013582
build,1,0,-7.018401799069201,-7.717796211013582
unlike,1,0,-7.018401799069201,-7.717796211013582
s,1,0,-7.018401799069201,-7.717796211013582
products,0,1,-7.711548979629146,-7.024649030453636
sensor,0,1,-7.711548979629146,-7.024649030453636
armband,1,0,-7.018401799069201,-7.717796211013582
appears,2,0,-6.612936690961036,-7.717796211013582
outperform,1,0,-7.018401799069201,-7.717796211013582
china,1,0,-7.018401799069201,-7.717796211013582
v325i,1,0,-7.018401799069201,-7.717796211013582
dropped,1,3,-7.018401799069201,-6.331501849893691
concrete,1,0,-7.018401799069201,-7.717796211013582
knock,1,0,-7.018401799069201,-7.717796211013582
wood,1,0,-7.018401799069201,-7.717796211013582
restored,1,0,-7.018401799069201,-7.717796211013582
possesed,0,1,-7.711548979629146,-7.024649030453636
idea,0,1,-7.711548979629146,-7.024649030453636
lousy,0,1,-7.711548979629146,-7.024649030453636
improve,0,1,-7.711548979629146,-7.024649030453636
leaks,0,1,-7.711548979629146,-7.024649030453636
inconspicuous,1,0,-7.018401799069201,-7.717796211013582
boot,1,0,-7.018401799069201,-7.717796211013582
ant,1,0,-7.018401799069201,-7.717796211013582
improvement,0,1,-7.711548979629146,-7.024649030453636
smallest,1,0,-7.018401799069201,-7.717796211013582
stays,1,0,-7.018401799069201,-7.717796211013582
he,2,0,-6.612936690961036,-7.717796211013582
motor,1,0,-7.018401799069201,-7.717796211013582
control,1,0,-7.018401799069201,-7.717796211013582
center,1,0,-7.018401799069201,-7.717796211013582
voltage,1,0,-7.018401799069201,-7.717796211013582
humming,1,0,-7.018401799069201,-7.717796211013582
equipment,1,0,-7.018401799069201,-7.717796211013582
joke,0,2,-7.711548979629146,-6.619183922345472
provides,1,0,-7.018401799069201,-7.717796211013582
classy,1,0,-7.018401799069201,-7.717796211013582
loops,0,1,-7.711548979629146,-7.024649030453636
material,0,1,-7.711548979629146,-7.024649030453636
greater,0,1,-7.711548979629146,-7.024649030453636
faceplates,1,0,-7.018401799069201,-7.717796211013582
elegant,1,0,-7.018401799069201,-7.717796211013582
wasting,0,1,-7.711548979629146,-7.024649030453636
behing,1,0,-7.018401799069201,-7.717796211013582
5020,1,0,-7.018401799069201,-7.717796211013582
comfortible,1,0,-7.018401799069201,-7.717796211013582
24,1,0,-7.018401799069201,-7.717796211013582
pain,1,0,-7.018401799069201,-7.717796211013582
bose,1,0,-7.018401799069201,-7.717796211013582
cancelling,1,0,-7.018401799069201,-7.717796211013582
amazing,1,0,-7.018401799069201,-7.717796211013582
nyc,1,0,-7.018401799069201,-7.717796211013582
commuter,1,0,-7.018401799069201,-7.717796211013582
occupied,1,0,-7.018401799069201,-7.717796211013582
distracting,1,0,-7.018401799069201,-7.717796211013582
wallet,1,0,-7.018401799069201,-7.717796211013582
type,1,0,-7.018401799069201,-7.717796211013582
ugly,0,1,-7.711548979629146,-7.024649030453636
buyit,0,1,-7.711548979629146,-7.024649030453636
verizons,0,1,-7.711548979629146,-7.024649030453636
bills,0,1,-7.711548979629146,-7.024649030453636
pricing,0,1,-7.711548979629146,-7.024649030453636
plans,0,1,-7.711548979629146,-7.024649030453636
generally,1,0,-7.018401799069201,-7.717796211013582
paired,2,0,-6.612936690961036,-7.717796211013582
700w,1,0,-7.018401799069201,-7.717796211013582
skype,1,0,-7.018401799069201,-7.717796211013582
transceiver,1,0,-7.018401799069201,-7.717796211013582
numbers,0,1,-7.711548979629146,-7.024649030453636
sim,0,1,-7.711548979629146,-7.024649030453636
embarrassing,0,2,-7.711548979629146,-6.619183922345472
mostly,0,1,-7.711548979629146,-7.024649030453636
childlike,0,1,-7.711548979629146,-7.024649030453636
here,2,2,-6.612936690961036,-6.619183922345472
puff,0,1,-7.711548979629146,-7.024649030453636
smoke,0,1,-7.711548979629146,-7.024649030453636
mentioned,0,1,-7.711548979629146,-7.024649030453636
thanks,1,0,-7.018401799069201,-7.717796211013582
definitly,1,0,-7.018401799069201,-7.717796211013582
charges,0,1,-7.711548979629146,-7.024649030453636
fact,1,0,-7.018401799069201,-7.717796211013582
rests,1,0,-7.018401799069201,-7.717796211013582
lightly,1,0,-7.018401799069201,-7.717796211013582
against,1,0,-7.018401799069201,-7.717796211013582
blueant,1,0,-7.018401799069201,-7.717796211013582
supertooth,1,0,-7.018401799069201,-7.717796211013582
controls,1,0,-7.018401799069201,-7.717796211013582
accessable,1,0,-7.018401799069201,-7.717796211013582
sometimes,1,1,-7.018401799069201,-7.024649030453636
compared,0,1,-7.711548979629146,-7.024649030453636
wired,0,2,-7.711548979629146,-6.619183922345472
wish,0,1,-7.711548979629146,-7.024649030453636
disappoint,0,1,-7.711548979629146,-7.024649030453636
infra,0,1,-7.711548979629146,-7.024649030453636
port,0,1,-7.711548979629146,-7.024649030453636
irda,0,1,-7.711548979629146,-7.024649030453636
unacceptable,0,1,-7.711548979629146,-7.024649030453636
dustpan,0,1,-7.711548979629146,-7.024649030453636
indoors,0,1,-7.711548979629146,-7.024649030453636
disposable,0,1,-7.711548979629146,-7.024649030453636
prosgood,1,0,-7.018401799069201,-7.717796211013582
styles,1,0,-7.018401799069201,-7.717796211013582
alarm,1,0,-7.018401799069201,-7.717796211013582
clock,1,0,-7.018401799069201,-7.717796211013582
removing,1,0,-7.018401799069201,-7.717796211013582
strong,2,1,-6.612936690961036,-7.024649030453636
reversible,1,0,-7.018401799069201,-7.717796211013582
explain,0,1,-7.711548979629146,-7.024649030453636
jack,0,1,-7.711548979629146,-7.024649030453636
securly,0,1,-7.711548979629146,-7.024649030453636
mine,1,0,-7.018401799069201,-7.717796211013582
christmas,1,0,-7.018401799069201,-7.717796211013582
rest,1,0,-7.018401799069201,-7.717796211013582
prompt,1,0,-7.018401799069201,-7.717796211013582
creaks,0,1,-7.711548979629146,-7.024649030453636
wooden,0,1,-7.711548979629146,-7.024649030453636
floor,0,1,-7.711548979629146,-7.024649030453636
performed,0,1,-7.711548979629146,-7.024649030453636
muffled,0,1,-7.711548979629146,-7.024649030453636
tinny,0,2,-7.711548979629146,-6.619183922345472
incoming,0,1,-7.711548979629146,-7.024649030453636
severe,0,1,-7.711548979629146,-7.024649030453636
painful,0,1,-7.711548979629146,-7.024649030453636
smartphone,0,1,-7.711548979629146,-7.024649030453636
accessing,1,0,-7.018401799069201,-7.717796211013582
downloading,1,0,-7.018401799069201,-7.717796211013582
performing,1,0,-7.018401799069201,-7.717796211013582
functions,1,0,-7.018401799069201,-7.717796211013582
loudspeaker,0,1,-7.711548979629146,-7.024649030453636
option,0,1,-7.711548979629146,-7.024649030453636
bumpers,0,1,-7.711548979629146,-7.024649030453636
lights,0,1,-7.711548979629146,-7.024649030453636
appealing,0,1,-7.711548979629146,-7.024649030453636
simply,0,1,-7.711548979629146,-7.024649030453636
elsewhere,0,1,-7.711548979629146,-7.024649030453636
bells,0,1,-7.711548979629146,-7.024649030453636
whistles,0,1,-7.711548979629146,-7.024649030453636
mediocre,0,1,-7.711548979629146,-7.024649030453636
mainly,0,1,-7.711548979629146,-7.024649030453636
soon,0,1,-7.711548979629146,-7.024649030453636
checked,0,1,-7.711548979629146,-7.024649030453636
everywhere,0,1,-7.711548979629146,-7.024649030453636
integrated,1,0,-7.018401799069201,-7.717796211013582
seamlessly,1,0,-7.018401799069201,-7.717796211013582
coverage,0,3,-7.711548979629146,-6.331501849893691
upstairs,0,1,-7.711548979629146,-7.024649030453636
basement,0,1,-7.711548979629146,-7.024649030453636
325,1,0,-7.018401799069201,-7.717796211013582
cellphone,1,0,-7.018401799069201,-7.717796211013582
wornout,1,0,-7.018401799069201,-7.717796211013582
accidentally,0,2,-7.711548979629146,-6.619183922345472
activate,0,1,-7.711548979629146,-7.024649030453636
gentletouch,0,1,-7.711548979629146,-7.024649030453636
touch,0,1,-7.711548979629146,-7.024649030453636
listening,0,1,-7.711548979629146,-7.024649030453636
nicely,1,0,-7.018401799069201,-7.717796211013582
damage,1,0,-7.018401799069201,-7.717796211013582
boy,1,0,-7.018401799069201,-7.717796211013582
cheaper,2,0,-6.612936690961036,-7.717796211013582
negatively,0,1,-7.711548979629146,-7.024649030453636
electronics,1,0,-7.018401799069201,-7.717796211013582
available,1,0,-7.018401799069201,-7.717796211013582
fm,1,0,-7.018401799069201,-7.717796211013582
transmitters,1,0,-7.018401799069201,-7.717796211013582
odd,0,1,-7.711548979629146,-7.024649030453636
clip,0,1,-7.711548979629146,-7.024649030453636
walked,0,1,-7.711548979629146,-7.024649030453636
procedures,0,1,-7.711548979629146,-7.024649030453636
ended,1,1,-7.018401799069201,-7.024649030453636
reset,0,1,-7.711548979629146,-7.024649030453636
wiping,0,1,-7.711548979629146,-7.024649030453636
data,3,1,-6.3252546185092555,-7.024649030453636
overly,1,0,-7.018401799069201,-7.717796211013582
replaceeasy,1,0,-7.018401799069201,-7.717796211013582
followed,0,1,-7.711548979629146,-7.024649030453636
directions,0,1,-7.711548979629146,-7.024649030453636
pair,1,1,-7.018401799069201,-7.024649030453636
bottowm,0,1,-7.711548979629146,-7.024649030453636
lineanother,0,1,-7.711548979629146,-7.024649030453636
gimmick,0,1,-7.711548979629146,-7.024649030453636
majority,0,1,-7.711548979629146,-7.024649030453636
logitech,1,1,-7.018401799069201,-7.024649030453636
communications,0,1,-7.711548979629146,-7.024649030453636
communicate,0,1,-7.711548979629146,-7.024649030453636
rip,0,1,-7.711548979629146,-7.024649030453636
buzzing,0,2,-7.711548979629146,-6.619183922345472
override,0,2,-7.711548979629146,-6.619183922345472
conversations,0,2,-7.711548979629146,-6.619183922345472
sliding,1,0,-7.018401799069201,-7.717796211013582
edge,1,0,-7.018401799069201,-7.717796211013582
pants,1,0,-7.018401799069201,-7.717796211013582
pockets,1,0,-7.018401799069201,-7.717796211013582
father,0,1,-7.711548979629146,-7.024649030453636
v265,0,1,-7.711548979629146,-7.024649030453636
headphones,1,3,-7.018401799069201,-6.331501849893691
ordering,1,0,-7.018401799069201,-7.717796211013582
hype,0,1,-7.711548979629146,-7.024649030453636
assumed,0,1,-7.711548979629146,-7.024649030453636
stupid,0,1,-7.711548979629146,-7.024649030453636
cradles,0,1,-7.711548979629146,-7.024649030453636
kits,0,1,-7.711548979629146,-7.024649030453636
arguing,0,1,-7.711548979629146,-7.024649030453636
returned,0,2,-7.711548979629146,-6.619183922345472
funny,1,0,-7.018401799069201,-7.717796211013582
seemed,1,0,-7.018401799069201,-7.717796211013582
sketchy,1,0,-7.018401799069201,-7.717796211013582
wellwell,1,0,-7.018401799069201,-7.717796211013582
contract,0,1,-7.711548979629146,-7.024649030453636
earpad,0,1,-7.711548979629146,-7.024649030453636
onlyi,0,1,-7.711548979629146,-7.024649030453636
aluminum,1,0,-7.018401799069201,-7.717796211013582
vx,1,0,-7.018401799069201,-7.717796211013582
wellit,1,0,-7.018401799069201,-7.717796211013582
protected,1,0,-7.018401799069201,-7.717796211013582
handheld,1,0,-7.018401799069201,-7.717796211013582
switch,0,2,-7.711548979629146,-6.619183922345472
mother,0,1,-7.711548979629146,-7.024649030453636
dit,0,1,-7.711548979629146,-7.024649030453636
5320,0,1,-7.711548979629146,-7.024649030453636
good4,1,0,-7.018401799069201,-7.717796211013582
protects,1,0,-7.018401799069201,-7.717796211013582
atleast,0,1,-7.711548979629146,-7.024649030453636
seperated,0,1,-7.711548979629146,-7.024649030453636
mere,0,1,-7.711548979629146,-7.024649030453636
ft,0,1,-7.711548979629146,-7.024649030453636
excessive,0,1,-7.711548979629146,-7.024649030453636
garbled,0,1,-7.711548979629146,-7.024649030453636
greatno,1,0,-7.018401799069201,-7.717796211013582
fooled,0,1,-7.711548979629146,-7.024649030453636
monkeys,0,1,-7.711548979629146,-7.024649030453636
shouldnt,0,1,-7.711548979629146,-7.024649030453636
share,0,1,-7.711548979629146,-7.024649030453636
dna,0,1,-7.711548979629146,-7.024649030453636
copy,0,1,-7.711548979629146,-7.024649030453636
humans,0,1,-7.711548979629146,-7.024649030453636
contacted,0,1,-7.711548979629146,-7.024649030453636
warranty,0,2,-7.711548979629146,-6.619183922345472
produce,0,1,-7.711548979629146,-7.024649030453636
receipt,0,1,-7.711548979629146,-7.024649030453636
luck,0,1,-7.711548979629146,-7.024649030453636
done,2,0,-6.612936690961036,-7.717796211013582
reoccurebottom,0,1,-7.711548979629146,-7.024649030453636
somewhere,0,1,-7.711548979629146,-7.024649030453636
else,0,1,-7.711548979629146,-7.024649030453636
research,1,0,-7.018401799069201,-7.717796211013582
development,1,0,-7.018401799069201,-7.717796211013582
division,1,0,-7.018401799069201,-7.717796211013582
knows,1,0,-7.018401799069201,-7.717796211013582
theyre,1,0,-7.018401799069201,-7.717796211013582
doing,1,0,-7.018401799069201,-7.717796211013582
sitting,0,1,-7.711548979629146,-7.024649030453636
vehicle,0,1,-7.711548979629146,-7.024649030453636
cradle,0,1,-7.711548979629146,-7.024649030453636
ca42,0,1,-7.711548979629146,-7.024649030453636
crashed,0,1,-7.711548979629146,-7.024649030453636
replaced,0,1,-7.711548979629146,-7.024649030453636
supposedly,0,1,-7.711548979629146,-7.024649030453636
375,0,1,-7.711548979629146,-7.024649030453636
apparently,0,1,-7.711548979629146,-7.024649030453636
truly,0,1,-7.711548979629146,-7.024649030453636
chinese,0,2,-7.711548979629146,-6.619183922345472
beware,0,2,-7.711548979629146,-6.619183922345472
keypads,0,1,-7.711548979629146,-7.024649030453636
reach,0,1,-7.711548979629146,-7.024649030453636
starter,0,1,-7.711548979629146,-7.024649030453636
wireless,1,1,-7.018401799069201,-7.024649030453636
linksys,0,1,-7.711548979629146,-7.024649030453636
exchange,0,1,-7.711548979629146,-7.024649030453636
refurb,0,1,-7.711548979629146,-7.024649030453636
something,0,1,-7.711548979629146,-7.024649030453636
converter,0,1,-7.711548979629146,-7.024649030453636
read,1,0,-7.018401799069201,-7.717796211013582
reviews,2,0,-6.612936690961036,-7.717796211013582
havent,1,0,-7.018401799069201,-7.717796211013582
kindle,1,0,-7.018401799069201,-7.717796211013582
loved,1,0,-7.018401799069201,-7.717796211013582
sudden,0,1,-7.711548979629146,-7.024649030453636
constructed,0,1,-7.711548979629146,-7.024649030453636
menus,0,1,-7.711548979629146,-7.024649030453636
navigate,0,1,-7.711548979629146,-7.024649030453636
recessed,0,1,-7.711548979629146,-7.024649030453636
cuts,0,1,-7.711548979629146,-7.024649030453636
beep,0,3,-7.711548979629146,-6.331501849893691
says,0,1,-7.711548979629146,-7.024649030453636
cat,1,0,-7.018401799069201,-7.717796211013582
attacked,1,0,-7.018401799069201,-7.717796211013582
scratched,2,1,-6.612936690961036,-7.024649030453636
protective,1,0,-7.018401799069201,-7.717796211013582
strip,1,0,-7.018401799069201,-7.717796211013582
destroying,1,0,-7.018401799069201,-7.717796211013582
virgin,1,0,-7.018401799069201,-7.717796211013582
autoanswer,1,0,-7.018401799069201,-7.717796211013582
8,0,1,-7.711548979629146,-7.024649030453636
girl,0,1,-7.711548979629146,-7.024649030453636
complain,0,1,-7.711548979629146,-7.024649030453636
wake,0,1,-7.711548979629146,-7.024649030453636
era,1,0,-7.018401799069201,-7.717796211013582
zero,0,1,-7.711548979629146,-7.024649030453636
finds,1,0,-7.018401799069201,-7.717796211013582
enter,1,0,-7.018401799069201,-7.717796211013582
investment,1,0,-7.018401799069201,-7.717796211013582
realize,1,0,-7.018401799069201,-7.717796211013582
aggravating,0,1,-7.711548979629146,-7.024649030453636
samsungcrap,0,1,-7.711548979629146,-7.024649030453636
crappy,0,1,-7.711548979629146,-7.024649030453636
e715,0,1,-7.711548979629146,-7.024649030453636
seeen,0,1,-7.711548979629146,-7.024649030453636
coupon,1,0,-7.018401799069201,-7.717796211013582
fulfills,1,0,-7.018401799069201,-7.717796211013582
requirements,1,0,-7.018401799069201,-7.717796211013582
describe,0,1,-7.711548979629146,-7.024649030453636
entertainment,1,0,-7.018401799069201,-7.717796211013582
communication,1,0,-7.018401799069201,-7.717796211013582
managementoh,1,0,-7.018401799069201,-7.717796211013582
activesync,1,0,-7.018401799069201,-7.717796211013582
42,1,0,-7.018401799069201,-7.717796211013582
optimal,1,0,-7.018401799069201,-7.717796211013582
synchronization,1,0,-7.018401799069201,-7.717796211013582
finished,1,0,-7.018401799069201,-7.717796211013582
shipped,1,0,-7.018401799069201,-7.717796211013582
competitors,1,0,-7.018401799069201,-7.717796211013582
sweetest,1,0,-7.018401799069201,-7.717796211013582
defeats,0,1,-7.711548979629146,-7.024649030453636
purpose,0,1,-7.711548979629146,-7.024649030453636
colors,1,0,-7.018401799069201,-7.717796211013582
due,0,1,-7.711548979629146,-7.024649030453636
happening,0,1,-7.711548979629146,-7.024649030453636
stop,0,1,-7.711548979629146,-7.024649030453636
convenient,1,0,-7.018401799069201,-7.717796211013582
ride,1,0,-7.018401799069201,-7.717796211013582
smoother,1,0,-7.018401799069201,-7.717796211013582
items,0,1,-7.711548979629146,-7.024649030453636
stated,0,1,-7.711548979629146,-7.024649030453636
thumbs,1,0,-7.018401799069201,-7.717796211013582
open,1,0,-7.018401799069201,-7.717796211013582
allowing,1,0,-7.018401799069201,-7.717796211013582
specs,1,0,-7.018401799069201,-7.717796211013582
wow,2,0,-6.612936690961036,-7.717796211013582
rocketed,0,1,-7.711548979629146,-7.024649030453636
destination,0,1,-7.711548979629146,-7.024649030453636
unknown,0,1,-7.711548979629146,-7.024649030453636
muddy,0,1,-7.711548979629146,-7.024649030453636
casing,0,1,-7.711548979629146,-7.024649030453636
wires,0,1,-7.711548979629146,-7.024649030453636
insert,0,1,-7.711548979629146,-7.024649030453636
glued,0,1,-7.711548979629146,-7.024649030453636
slid,0,1,-7.711548979629146,-7.024649030453636
quit,1,0,-7.018401799069201,-7.717796211013582
18,1,0,-7.018401799069201,-7.717796211013582
owned,1,0,-7.018401799069201,-7.717796211013582
smell,0,1,-7.711548979629146,-7.024649030453636
disgusting,0,1,-7.711548979629146,-7.024649030453636
addition,0,1,-7.711548979629146,-7.024649030453636
amp,0,1,-7.711548979629146,-7.024649030453636
buyer,0,1,-7.711548979629146,-7.024649030453636
flush,0,1,-7.711548979629146,-7.024649030453636
toilet,0,1,-7.711548979629146,-7.024649030453636
breaks,0,1,-7.711548979629146,-7.024649030453636
los,0,1,-7.711548979629146,-7.024649030453636
angeles,0,1,-7.711548979629146,-7.024649030453636
bluetoooth,0,1,-7.711548979629146,-7.024649030453636
happened,0,1,-7.711548979629146,-7.024649030453636
tracking,0,1,-7.711548979629146,-7.024649030453636
plus,0,1,-7.711548979629146,-7.024649030453636
seriously,0,1,-7.711548979629146,-7.024649030453636
believe,0,1,-7.711548979629146,-7.024649030453636
steep,0,1,-7.711548979629146,-7.024649030453636
point,0,1,-7.711548979629146,-7.024649030453636
originally,0,1,-7.711548979629146,-7.024649030453636
discarded,0,1,-7.711548979629146,-7.024649030453636
welldesigned,1,0,-7.018401799069201,-7.717796211013582
sunglasses,0,1,-7.711548979629146,-7.024649030453636
texas,0,1,-7.711548979629146,-7.024649030453636
counterfeit,0,1,-7.711548979629146,-7.024649030453636
latest,0,1,-7.711548979629146,-7.024649030453636
os,0,1,-7.711548979629146,-7.024649030453636
v115g,0,1,-7.711548979629146,-7.024649030453636
likes,0,1,-7.711548979629146,-7.024649030453636
crawl,0,1,-7.711548979629146,-7.024649030453636
2005,1,0,-7.018401799069201,-7.717796211013582
s710a,1,0,-7.018401799069201,-7.717796211013582
grtting,0,1,-7.711548979629146,-7.024649030453636
744,0,1,-7.711548979629146,-7.024649030453636
until,0,1,-7.711548979629146,-7.024649030453636
v3c,0,1,-7.711548979629146,-7.024649030453636
handy,1,0,-7.018401799069201,-7.717796211013582
surprised,1,0,-7.018401799069201,-7.717796211013582
bougth,0,1,-7.711548979629146,-7.024649030453636
l7c,0,1,-7.711548979629146,-7.024649030453636
absolutel,0,1,-7.711548979629146,-7.024649030453636
oh,0,1,-7.711548979629146,-7.024649030453636
forgot,0,1,-7.711548979629146,-7.024649030453636
mention,0,1,-7.711548979629146,-7.024649030453636
weird,0,1,-7.711548979629146,-7.024649030453636
surefire,1,0,-7.018401799069201,-7.717796211013582
gx2,1,0,-7.018401799069201,-7.717796211013582
forgeries,0,1,-7.711548979629146,-7.024649030453636
abound,0,1,-7.711548979629146,-7.024649030453636
slowly,0,1,-7.711548979629146,-7.024649030453636
breaking,0,1,-7.711548979629146,-7.024649030453636
effects,1,0,-7.018401799069201,-7.717796211013582
text,0,1,-7.711548979629146,-7.024649030453636
messaging,0,1,-7.711548979629146,-7.024649030453636
tricky,0,1,-7.711548979629146,-7.024649030453636
strength,0,1,-7.711548979629146,-7.024649030453636
regret,1,0,-7.018401799069201,-7.717796211013582
threw,0,1,-7.711548979629146,-7.024649030453636
window,0,1,-7.711548979629146,-7.024649030453636
smudged,0,1,-7.711548979629146,-7.024649030453636
touches,0,1,-7.711548979629146,-7.024649030453636
whine,0,1,-7.711548979629146,-7.024649030453636
goesthe,0,1,-7.711548979629146,-7.024649030453636
fond,0,1,-7.711548979629146,-7.024649030453636
magnetic,0,1,-7.711548979629146,-7.024649030453636
strap,0,1,-7.711548979629146,-7.024649030453636
slide,1,0,-7.018401799069201,-7.717796211013582
grip,1,0,-7.018401799069201,-7.717796211013582
prevents,1,0,-7.018401799069201,-7.717796211013582
slipping,1,0,-7.018401799069201,-7.717796211013582
s11,1,0,-7.018401799069201,-7.717796211013582
falls,0,1,-7.711548979629146,-7.024649030453636
adapters,1,0,-7.018401799069201,-7.717796211013582
recognizes,0,1,-7.711548979629146,-7.024649030453636
near,0,1,-7.711548979629146,-7.024649030453636
conversation,0,1,-7.711548979629146,-7.024649030453636
attractive,1,0,-7.018401799069201,-7.717796211013582
glove,1,0,-7.018401799069201,-7.717796211013582
durable,1,0,-7.018401799069201,-7.717796211013582
